index,strategy_equity,benchmark_equity
0,100.0,100.0
1,98.81370335043485,98.9879620098305
2,99.30356132133248,98.92469511170557
3,100.35809472374682,99.1777269534623
4,99.24306038193181,99.1777269534623
5,97.7242765077035,97.34343975058374
6,97.70754320712209,97.84943193261127
7,97.8842374917949,97.59645967542615
8,97.74487687889768,97.53319277730122
9,98.03193837807159,97.09040195036985
10,99.19493113210423,97.91270478919334
11,100.54950349765446,99.24097001775856
12,101.36225490544761,99.36749189709407
13,101.2315344384512,98.7349659188167
14,100.13191212283935,99.05124082486971
15,100.2527953209088,98.29222275954261
16,102.01001978815341,99.99999999999997
17,102.77872612329057,100.44273720081691
18,103.20994946443106,100.82226708808051
19,102.76476385502555,99.99999999999997
20,102.11030745160862,99.81022909791102
21,103.61934471405705,99.55723896535441
22,103.95016523691439,99.81022909791102
23,105.7190355979063,102.15051444127427
24,106.09433032332518,102.27703632060978
25,105.87005678326769,102.27703632060978
26,105.95225926773932,102.71977352142672
27,105.17720156596617,102.15051444127427
28,105.11679338910508,101.64453417616106
29,106.62341843239342,103.0992795748617
30,106.47426424451898,102.34027938490608
31,108.37269890230942,104.55406072430529
32,108.40962466630626,104.30105271637721
33,107.030541050155,103.09927957486171
34,107.86208487339306,103.73180555313908
35,107.75898526745216,103.60527175688924
36,107.58821430931476,103.22580145419722
37,106.56756684753685,103.0992795748617
38,107.22105854805254,103.98480164415284
39,107.12854434606342,104.80704489840473
40,106.52325010203788,104.68057068672648
41,107.41225241052366,105.24981784996463
42,108.09650600171832,105.43958279359644
43,106.83204678499979,104.7438137510228
44,106.2324442222123,104.6173037886016
45,106.14232438555598,105.89312863570163
46,106.9292741351197,106.40344665762731
47,106.95868488486154,106.65859971013299
48,107.24054474664327,106.59482038469231
49,107.74210237514431,106.91380043029596
50,107.60891158714134,106.2120729305623
51,107.56973576238188,106.46723789998232
52,107.18473969748528,106.14830552203595
53,107.31244364147682,105.63797558319595
54,106.46704648438714,105.00007507656025
55,104.83988007312585,103.27769961606089
56,102.90640462076533,102.25702782146654
57,102.72224965538697,102.19324849602586
58,102.78755978228457,101.68294239101448
59,103.44981669426784,102.89494024501656
60,103.4393201064202,102.83116091957588
61,102.98017997633025,101.68294239101449
62,103.76421641133469,102.4484253823602
63,102.94972028473732,101.30018301997018
64,103.8125089830374,102.51221662471521
65,104.06195676401748,103.08632588899589
66,104.42158693306128,103.3414908584159
67,104.09979196139885,103.46909717695455
68,103.84571319947563,103.21393220753454
69,104.02678455120271,103.3414908584159
70,102.72629784747235,101.61912731483086
71,103.13145086990698,101.87428036733655
72,103.25486259028303,102.57601978398453
73,103.0985703304139,102.76738159413522
74,104.78744360815116,104.4259181446223
75,104.3949247025589,104.48973322080595
76,104.03193338146855,103.5966439109216
77,104.37470485732123,104.80868943258096
78,105.04966000402602,105.89312863570166
79,105.43729663873793,106.53104105925166
80,106.25069739132293,106.40344665762734
81,106.27931775755451,106.46723789998234
82,106.0860552696546,107.04137099809167
83,106.54450488263541,107.67928342164168
84,106.33191599505268,107.48789777766237
85,106.83174280539114,108.3809870875467
86,106.8085213304864,107.7430746639967
87,106.56796049839585,108.06200704194306
88,106.70735274295447,107.80690165709466
89,106.02453519577926,107.9982396334167
90,104.22049995695397,107.29652405059737
91,103.98642904028303,107.55171285384601
92,103.59340669422674,107.93443647414739
93,104.15067784870834,109.65680001773244
94,103.70571943468772,109.27407639743107
95,102.74393400336339,108.18962527739605
96,102.7047512765473,108.63615205696675
97,103.10482357683796,109.01888759418244
98,103.2707702842173,110.35849176672316
99,101.89759672491766,109.46543820758178
100,103.28769797662017,111.69811977309253
101,103.39518608331427,111.88948158324322
102,103.6626632879091,112.39981152208324
103,103.95322358088025,112.46361468135255
104,104.2882580774944,112.20843779501823
105,105.11949538043643,112.08087914413686
106,105.8969662226739,113.1653302641719
107,105.92812933386418,112.84635021856825
108,106.60307171343844,113.29288891505325
109,106.52208981475246,113.29288891505325
110,106.85769407271584,113.80323077080759
111,105.8440666266485,114.12217506566826
112,106.39133441627355,114.63251692142258
113,105.61819885907764,114.9514850501119
114,106.05688845431071,114.9514850501119
115,107.08119079263744,117.63066956136468
116,108.71486672787152,118.52377078816335
117,109.35392038816423,119.09788005244404
118,108.43989943442158,118.45997954580835
119,108.90403476419199,118.07722017476402
120,108.11562435939602,116.2910773057383
121,108.51569930869258,117.37552842577333
122,107.62875681436095,116.67382475986831
123,108.1775626170836,116.61000968368468
124,108.21227296226581,117.75826396298903
125,109.08606189535656,118.52377078816338
126,109.5490938241966,119.41683626421909
127,109.88866590642077,118.97029756773408
128,108.59910518254092,118.01342893240906
129,108.75402228332412,118.07722017476407
130,109.27420930720086,118.14101141711906
131,109.41079661115246,118.45997954580838
132,109.66518935490915,118.90649440846477
133,109.07434194898029,118.5875620305184
134,107.95248456380666,116.73761600222335
135,108.4032065510039,117.43930775121406
136,108.68948301086475,117.43930775121406
137,109.13438025818613,116.99275713781472
138,111.39120956646306,118.5237707881634
139,111.70965089435775,118.71514451522842
140,111.97755152280631,119.48063942348844
141,112.0532944591499,118.65134135595909
142,112.35422844454345,119.6082099912841
143,115.04270944423978,122.28741833636552
144,116.37924074047014,123.62703442582054
145,115.35960299243679,123.56324318346554
146,116.65999942506548,125.22181548469558
147,116.58692905652255,125.28560672705059
148,115.56502949728443,124.58392689497421
149,115.44342571270589,123.69084950200418
150,115.8598915618885,123.94599063759554
151,115.27600970824045,124.00978187995055
152,115.21527893806663,124.20117944084419
153,115.09609019620517,124.20117944084419
154,116.34646428181424,125.03042984071624
155,115.54877938736415,124.7753006220392
156,114.48211251581317,123.69084950200417
157,114.98520530537186,124.58392689497418
158,114.75253276201614,124.58392689497418
159,112.74809781593133,122.98911008535619
160,112.35695324941311,122.60637454814051
161,111.28936722826008,122.03228911768845
162,113.14319706115792,123.69084950200418
163,113.55832156462056,124.1373881984892
164,114.16485374217204,125.03042984071625
165,114.88550301594502,125.79594858280491
166,114.11467110248572,124.52011181879057
167,113.39238346360902,124.1373881984892
168,113.20094326404981,124.1373881984892
169,113.16203214090142,124.64770622041489
170,108.08143503020281,117.56689023592403
171,108.10443148443437,118.48896148143464
172,106.95808523302907,117.30345492796594
173,108.6229362125535,119.34521560915583
174,109.71185171668215,119.67452761947492
175,112.40953227248973,121.58458256360008
176,111.15931683251483,120.13556920068737
177,111.1007119044722,119.87213389272928
178,112.48061895314294,120.8600937575152
179,113.5425093479558,122.04563606172687
180,113.53764132386483,122.24323041806693
181,112.98229978748171,122.44083669132131
182,112.51427917213768,121.58458256360011
183,111.1258512610826,119.93799867817599
184,111.87341495031119,121.32112342181337
185,111.62615722488286,120.7942051382399
186,110.9376175953322,120.20143398613408
187,109.32463348873719,118.68660350543196
188,109.45702936316196,119.01589168192243
189,108.37490368001478,117.83036129462509
190,106.65787575320232,116.77652472747816
191,106.01053705136046,115.06406413969304
192,107.27557762439878,116.7106718589458
193,107.69197308782337,117.50103736739167
194,109.55206210455326,118.81827349175373
195,107.56425541444997,116.38133601479805
196,104.8134933623346,113.0881563270355
197,105.53807887634711,113.68092747914135
198,104.61219762695389,112.36365560403632
199,100.40974963757614,108.21424562238123
200,99.712254492785,106.69936747402184
201,95.90882911737246,101.8254329355389
202,95.08803762529955,98.59810611630871
203,93.54889699071671,95.89770353910916
204,89.31131115910632,90.29928019454134
205,94.38928386601646,97.47841668062941
206,92.50509071479262,93.26313595507047
207,95.00977639244242,97.80775252477716
208,96.79610118802744,101.2326737003474
209,97.19584222396058,101.69370336464556
210,97.57582679921735,100.903349773114
211,96.96173913005374,99.91538394987091
212,96.14753515422757,100.3105905379225
213,96.3632029206661,99.98125469377476
214,96.84142044320521,101.49613284213416
215,97.50826628946656,103.406175869345
216,99.3674397349562,104.85516539842907
217,99.4132419849096,104.39413573413093
218,100.8866183089472,104.46001243649192
219,100.69557239183808,103.80136458202509
220,102.85849830410747,106.63350268857518
221,103.23518336724527,106.96281469889428
222,102.09486715623692,106.43590833223513
223,103.47247351513414,109.66323515146532
224,103.4263144796658,109.3339112242319
225,100.56425647274008,106.17244919044839
226,100.68046766829741,106.17244919044839
227,101.1023297879614,106.56763790312847
228,100.49808744738084,106.56763790312847
229,103.31513480778897,108.74114007212606
230,103.66758862169957,108.74114007212606
231,105.77558219200158,110.25600630357113
232,108.4167717659259,112.62712666273738
233,105.41156704751683,109.33391122423187
234,105.4065109791808,109.860817590891
235,105.79536090252891,109.99253524487004
236,106.111801965138,110.45358874299683
237,106.91163760439994,111.11223659746366
238,108.07131052705626,112.03435551063156
239,107.47484764224579,110.71707171861222
240,108.42095957090947,111.04639564584564
241,107.36006422825523,109.72909993691198
242,107.22329724839304,110.45358874299686
243,108.37285192292569,109.53151749748625
244,110.14198043586443,110.51947736227218
245,110.7771010673767,110.38774779137883
246,110.9809165873297,111.30985478763239
247,108.57063350724891,109.26802260495657
248,109.3017820153542,109.99253524487008
249,110.56907067097757,111.2439780852714
250,110.97674521919912,111.1122365974637
251,110.19103331882391,110.45358874299687
252,110.97139743373654,111.2439780852714
253,112.6996231566938,111.83676115429154
254,113.73792816881502,112.36365560403635
255,116.9749356574585,114.33956341669389
256,117.85780150095812,115.39336423309786
257,119.24934367211478,116.3813360147981
258,121.06970619909238,117.89621416315747
259,120.78497373594669,118.02795565096514
260,121.69789528054827,119.1476331697301
261,119.20100449336663,117.30345492796594
262,117.86421165276731,116.24961836081903
263,116.07361970570068,114.60301064156627
264,118.26751394899684,117.10586057162591
265,118.44930941588125,117.23757822560495
266,119.11651532079573,117.1058605716259
267,120.11863053577473,117.0399838692649
268,120.78685978459573,117.30345492796594
269,121.03376888159374,117.83036129462509
270,122.47858535106887,118.55485010070996
271,122.06262970789729,117.36929587958399
272,122.96949083858041,118.42313244673092
273,123.95762771662619,119.21348603826247
274,126.58706591638311,120.53076983028181
275,127.45883437575223,121.9139064908335
276,129.70149509889578,124.02154387438438
277,129.22313096645263,124.48259737251115
278,129.7898414330385,125.33882766640372
279,130.02457809837216,125.7340044621695
280,130.74153162547879,124.6801917288512
281,133.4509741300983,126.52438188752969
282,132.7727167121331,127.31474739597556
283,132.76331106036955,127.84164184572037
284,133.3597204253947,126.59022283914771
285,133.57168575333893,128.0392242851461
286,133.5897105706565,127.84164184572037
287,136.38124022572774,130.9597501452077
288,138.1545029238403,131.29144553839078
289,140.51414042177265,131.15875069743748
290,139.29957583011756,130.6943723802154
291,145.9721438646039,137.0632242355717
292,146.43178421208196,137.46128492460295
293,146.976648729418,136.06809038836516
294,149.7668118119512,138.05835808277828
295,149.9549891960927,137.72665077268087
296,149.52187295808955,135.33831047232218
297,151.85572821103946,137.06322423557168
298,151.89261981282826,138.39007730979
299,155.07976534575533,139.84960139113295
300,152.62718353422633,138.85446754392638
301,153.49903546652862,140.11494340538223
302,152.10514365530756,139.05350384689913
303,150.3597462743998,136.9968827735522
304,150.62230404694037,138.32372393085618
305,150.03760915381483,138.65544315786792
306,152.38072937133407,140.11494340538223
307,151.02825623019535,139.31888161189138
308,148.36129267499135,138.32372393085618
309,141.5379317107898,133.4807376188623
310,143.03474105985472,136.39979769846252
311,144.7222800316465,136.79785838749376
312,145.0039809822592,137.8593217798055
313,145.8584994287316,138.39007730979
314,144.54762479431974,138.72180845371605
315,143.73580352528526,137.32859008364963
316,140.90246148327412,135.07295654115856
317,142.92364348980993,137.12956569759118
318,142.8445367109076,136.6651754634548
319,143.3315759040149,137.0632242355717
320,141.74694417305082,136.06809038836514
321,144.59026046982325,135.869077919221
322,144.42351753656405,136.6651754634548
323,145.36943063483773,135.73638307826772
324,144.99739196523532,136.93052939461842
325,144.62823752204227,136.99688277355222
326,146.8136862001169,138.72180845371608
327,148.7430942241735,139.252504399129
328,150.19586030067472,141.37546693449545
329,149.12084880577947,139.849601391133
330,149.7196434056473,139.71691846709405
331,148.45447333166385,138.5891016958485
332,146.07156474327988,136.79785838749382
333,147.10963544794353,136.59883400143536
334,144.5543702869882,133.2816893989753
335,142.575889198159,133.54707908088187
336,148.37097939709912,135.73638307826778
337,148.22690756332258,136.0680903883652
338,150.1575472480979,136.66517546345486
339,151.2521535055147,136.73150500856002
340,151.41377177301132,138.32372393085626
341,154.0884827326515,139.05350384689922
342,159.10033375711322,140.91107670035908
343,162.1309366073006,142.03890538851894
344,160.42424977049544,142.1052349336241
345,159.90556212275519,141.5744913205539
346,159.26691018726302,140.24763824633558
347,157.9147030461709,139.65057700507455
348,159.5509110077993,141.44179647960058
349,159.87256929628523,140.6457108522811
350,160.82973456454144,140.5793574733473
351,162.38067540495163,140.7784056932344
352,161.59021570492678,140.7784056932344
353,162.67053083265756,140.7784056932344
354,164.06685466708493,139.98229623208627
355,161.91694926258808,139.31888161189144
356,160.9852296520822,137.79298031778606
357,158.09780883075427,136.66517546345483
358,157.77780215285958,137.19593099343933
359,158.68667860846227,138.78812608190694
360,162.4750467040354,140.84474715525388
361,162.27702833250078,140.71206423121492
362,163.61899729350577,141.5744913205539
363,166.6135737091264,143.4320880078424
364,165.16337840718583,142.10523493362408
365,165.82149321722775,144.29453893100998
366,166.64539562495548,144.36089230994378
367,166.18814672118535,144.9579535512048
368,169.10138848404696,149.6682569391597
369,169.77936829067448,150.7297560822144
370,171.8409120250616,151.72486609559235
371,172.5528275456649,151.45951216442873
372,174.34093034414695,151.26046394454164
373,178.7915655167857,153.1843901769353
374,179.36892765776687,152.45466984546394
375,177.9372178906656,151.19413439943648
376,181.21345573745882,152.3883045496158
377,181.51163862679226,152.1229506184522
378,182.71705832731303,150.3316953931832
379,184.05215762213217,151.6585484674015
380,185.72608348459977,153.11807254874444
381,184.5897809791309,153.11807254874444
382,186.2761697546285,155.6391076900564
383,187.70159482301065,157.09861985448504
384,190.00662477236406,159.2879119349566
385,189.64392585042245,159.2879119349566
386,187.23247872196794,157.36398570256296
387,188.30179833092365,157.56299817170708
388,186.89434377317878,156.89959546842655
389,185.32411588732427,155.3073765461303
390,187.14995230875311,158.2264127919019
391,186.75797617084413,157.36398570256293
392,187.21661461846583,156.83323017257842
393,188.61435675628218,158.35910763285517
394,187.0945621269078,156.56785240758617
395,187.90988321116694,156.76688871055893
396,187.40220632002774,157.62935155064085
397,188.05008775513582,157.82835210287067
398,190.78089183934145,159.22158238985142
399,190.06146003834758,159.08888754889813
400,192.50366772309394,161.3445210913892
401,192.39563618768756,162.2069720145568
402,195.37351612523145,164.99333725320375
403,197.90601666237046,165.3250564802155
404,197.2646529675998,167.11628787165589
405,198.9849019776391,171.03046988154836
406,203.015570855697,174.08226055284484
407,204.506267747292,175.54180846801643
408,204.34785322134448,175.2763949522812
409,207.98220463722512,179.52230810609976
410,205.88130695016923,177.86374772178405
411,204.70213968696953,178.46084471378802
412,203.74530040436204,178.32816178974906
413,206.4140150349459,183.03845326078965
414,205.3910885515934,183.37014865397276
415,209.87527973957683,189.7390243431577
416,207.98381292793437,186.34962748917542
417,208.15524380996527,183.8414864491577
418,204.26931509864278,180.1131129673428
419,206.0861269271971,180.38425851886595
420,203.00870469616058,176.72372803027486
421,200.6423469445448,173.808815036858
422,205.3555801726355,177.2659952994925
423,209.0642437013949,182.28234888101383
424,210.37577017530583,182.14679398062376
425,209.12012205070158,181.06215218995962
426,210.12109995241474,182.75686849232224
427,216.16275436951065,190.5525324992131
428,215.75580734839144,190.28133928003268
429,214.3266244723535,188.2476701836661
430,212.9095098788119,188.1798986919282
431,213.70505684937953,187.7731744061863
432,210.5777644070378,184.9938520639025
433,213.0573890310583,186.48518238956552
434,206.932753656355,180.85877813017433
435,208.44710817955058,180.92657345574085
436,210.67336935675638,183.57028131306296
437,207.3463846594314,179.97753423312406
438,207.1746324506152,178.89289244245992
439,206.25371054625705,178.75732562515552
440,208.01359873320317,178.07947962171914
441,207.54080839440192,178.82513286763634
442,214.15065715402858,182.6212659242748
443,216.60330541781786,183.36695492093497
444,215.60868232184043,182.89239955888362
445,217.8667134963632,183.50254557206802
446,217.98237830835618,181.9433960870098
447,218.56016650644176,182.8923995588836
448,213.17688117316698,180.04534147560486
449,217.9656263935315,180.85877813017427
450,218.08574057083865,181.1299594324404
451,215.5389508280717,178.2828298476757
452,218.75591473373967,178.89289244245987
453,221.22607008736662,182.14679398062367
454,222.1509402350541,183.63807663862943
455,225.58442997798102,184.24816306724225
456,221.76885355246475,182.6890612498413
457,223.06196216956207,184.04484859202861
458,227.4431431625442,186.8241471004838
459,230.28090706981732,187.4342335290966
460,227.62460178209466,187.02750924335473
461,224.96120703094624,185.94290320343356
462,226.58096845593133,185.94290320343356
463,225.4302503561686,186.95966625013097
464,227.65572851431494,188.51887531976078
465,228.3979840208626,188.78999703745527
466,227.31048446860777,189.12894983145927
467,230.10746988695283,188.7899970374553
468,226.55911060089713,187.09528073509267
469,225.33877987256673,186.959666250131
470,231.5133263105588,188.65438255249362
471,237.16584423482806,191.43372872860607
472,236.98677414858776,191.50148830342965
473,236.5903890502372,190.3491107717706
474,237.5619708209062,190.62025632329372
475,229.4983802335047,187.43423352909667
476,226.40913877568119,185.80732446921488
477,219.6718078291361,184.04484859202867
478,222.50473695686054,185.67173381808183
479,229.59646820482067,188.99334726341192
480,221.348065500381,187.70540291444846
481,209.07766780812338,180.65542790421776
482,202.0751526765502,175.4357121798255
483,201.82057085394683,172.85978773115556
484,203.83205278067192,174.82566150195564
485,199.17173223580332,171.50400038896828
486,213.03525095617633,179.36745972142566
487,209.5251338124475,178.14723919654278
488,208.93398056522776,176.9270782562315
489,213.4732908642183,179.43525504699218
490,213.5646977279842,179.16407374472607
491,219.63146124527975,182.21455355544734
492,219.03208526691984,182.35013228966605
493,217.21562645330678,181.06215218995962
494,220.86528841449586,184.11263200068086
495,225.13481709468832,185.87514362861
496,224.2648732371712,186.68858028317942
497,222.2888556421014,186.68858028317942
498,225.32797822331514,186.55298963204638
499,223.83586324202076,185.6717338180818
500,222.23602622208742,186.14624151247588
501,221.6808691162573,185.06165930638332
502,219.45310909329203,183.70588388111034
503,222.92721238591898,186.55298963204635
504,224.04325916256363,187.23088330314
505,226.43788561377156,188.247670183666
506,225.23672825458794,188.04431995770938
507,225.40874320522053,187.5020407715774
508,222.72360954321152,187.0952807350926
509,217.46229966623412,182.6212659242748
510,216.19426158058945,182.82465190097437
511,222.0552572834137,185.8073244692148
512,221.07546332262532,185.33279294099208
513,221.8414424023109,185.67173381808175
514,222.2835240822448,186.01067469517142
515,222.22841342073653,186.55298963204632
516,224.6984666443752,188.38328466862768
517,223.4295418341316,187.5020407715774
518,223.62544281010904,187.5020407715774
519,226.65168361412125,189.26452856567795
520,225.51918196111146,189.46787879163458
521,225.77948822691937,188.4510561603656
522,226.0930238316209,188.24767018366603
523,224.55723026713773,186.7563517749173
524,228.43868183495977,188.4510561603656
525,229.98892628847952,190.01015797776654
526,230.92255571470804,190.48470142290356
527,233.55256000263032,192.24720113391837
528,233.80120712974087,189.6712051837625
529,230.12920911953796,187.5020407715774
530,229.2456345250495,186.0106746951714
531,227.57872004655692,185.80678820807037
532,232.1136887488983,187.0980335423005
533,233.16181369736034,187.0980335423005
534,229.33026809648743,185.46697739623536
535,228.05273037709333,185.39902715078267
536,223.25158922840984,182.47668991974444
537,227.9098634784653,185.534963392431
538,228.1025067488124,184.92331584804228
539,231.18098360699523,187.43785627104984
540,232.80417632463113,188.1854519740012
541,233.63602185027858,189.27282273804465
542,236.5395342398131,188.9330476769526
543,234.18935970212442,188.66116327674163
544,233.90954842982845,188.11750172854858
545,231.75579963826218,187.09803354230056
546,232.68241966238872,186.48639791482617
547,231.73679391840216,186.14659901990547
548,227.90668655935445,184.37957088144904
549,226.05253366086535,183.9718455749043
550,226.05253366086535,182.61262616139285
551,228.74384757605839,183.36018611360126
552,223.5280964629571,179.14656779758997
553,222.501724134355,177.7193743047972
554,229.5151244616144,182.61262616139285
555,231.04158916373038,183.15629962650024
556,233.87005103792157,184.92331584804236
557,234.2084666785197,186.21454926535816
558,236.98194793530564,187.7776670828849
559,240.3179522134242,189.61264546679402
560,241.35434779182216,190.76799031011876
561,242.73307565983666,191.65152225471846
562,241.0713746633451,190.15628318115844
563,247.31252676671937,192.87479350966726
564,246.5680719526814,193.75831353735262
565,245.7679051680294,192.87479350966723
566,243.3244634445842,191.17575136740643
567,243.86707458344995,190.70006389849468
568,247.34499878329433,192.9427318382056
569,244.43137074289237,192.2631459652785
570,246.14224402345198,192.4670086185509
571,244.7511347674547,191.3116995259691
572,243.96539897918058,190.42819141519803
573,242.25277300120038,190.97187679721972
574,238.13143552872214,186.48639791482609
575,238.60904363805054,187.57379251269816
576,241.5553736003157,189.81654387080928
577,242.1927664708836,190.29225517354965
578,239.35039034729996,188.93304767695253
579,233.1667187484017,184.8553298518466
580,234.31649392798047,186.28254717846798
581,231.21439891985756,182.06889311171372
582,228.37091590827782,180.9815223476703
583,225.84756302101025,180.70968561511663
584,226.6109722581219,180.77767161131226
585,231.85128170522106,183.9718455749042
586,230.40321564221003,182.40869200663445
587,226.02135665338366,180.57376129038263
588,224.3392290543877,179.96210182907961
589,221.79747062827596,180.43781313181998
590,226.22533830170312,185.19516449751026
591,226.96532873993863,184.6514433647456
592,232.13352538279054,186.14659901990538
593,231.16046543283466,185.670887717165
594,230.65872467468947,184.99126609349494
595,229.92655847240715,185.53496339243097
596,230.43905764545025,185.39902715078264
597,232.19631880915574,186.96215688522375
598,231.1948094256907,186.96215688522375
599,233.65491964069415,186.4184476693734
600,230.6849237942399,184.58350503620724
601,232.74714544278112,185.534963392431
602,232.56763712411626,185.1951644975103
603,231.60984876907875,185.67088771716502
604,232.96083662479265,185.059192505119
605,236.31690997688156,187.70971683743218
606,240.18915366823597,189.2048963264206
607,241.29012175677548,191.24371352977343
608,240.32548151113235,190.97187679721975
609,237.8964065931717,189.27282273804465
610,241.07033455892133,189.8844821993477
611,243.41295865022474,191.58351242469416
612,243.56976918934913,191.92331131961487
613,244.60536332886858,192.53499461474655
614,246.92099113826603,193.62240112953293
615,246.2488731158396,194.0980766815304
616,245.43403617217,193.62240112953296
617,243.0541841168101,191.78742274562384
618,241.39846012626234,190.97187679721978
619,241.97204031644634,190.90391463485278
620,237.19348602978985,187.7776670828849
621,238.21232303744526,187.7776670828849
622,238.01703225460173,187.57379251269822
623,243.25951174937157,190.70006389849473
624,245.27252928950895,192.73886918493324
625,246.01771116493833,192.67090702256624
626,246.64952064627104,192.1272097236302
627,244.95587402613666,192.73886918493324
628,246.9143795054596,193.48645297097028
629,247.51014613003875,193.01071783440125
630,246.02823360369942,192.94273183820562
631,244.11477993397776,192.33110812764554
632,242.8872097697821,190.42819141519806
633,243.00158981297614,190.7000638984947
634,244.32358137685435,193.0786680798539
635,242.84253244786203,192.87479350966723
636,241.44100722467505,191.17575136740643
637,243.30097048175506,192.80687901495747
638,243.91556436302977,192.80687901495747
639,245.29132490874468,193.89422594517228
640,246.40983206732747,194.43788749336537
641,246.80995515209023,195.93305506543948
642,249.0170401365395,197.49620863370922
643,249.78826981480375,198.37966907682298
644,249.271362333964,197.76802153243426
645,247.7403357348589,198.99131662121172
646,250.335790895254,203.34085926195704
647,254.75554162586783,202.93311012158364
648,252.01442554921252,201.03019340913616
649,249.8539371279552,199.26317718759404
650,249.45325413637786,200.55447018948146
651,252.59487094400274,201.57389070807218
652,253.43100245657882,203.2728851826757
653,255.205515885872,204.2923295350951
654,254.09595573740953,204.2923295350951
655,256.4807777637893,206.6030430555732
656,254.59229680580086,204.29232953509506
657,251.60994255050818,201.84571552371156
658,251.61725860562777,202.66126147211563
659,246.86458276171402,198.14688407249596
660,247.98695515294438,200.0220701253208
661,244.82269321600634,196.7578127886129
662,240.09873824003364,196.61892115221323
663,239.68350802863156,197.66070971898262
664,240.92366962121366,198.4940714542951
665,243.43780666446304,199.18860113777947
666,245.40001205397482,201.48055743511793
667,244.5928717871369,201.34165388180392
668,238.388079663669,198.21631201532438
669,238.85173976126129,197.31341508495467
670,243.00014427776003,200.5776843385769
671,244.38585011581975,200.7166355595482
672,242.67012767743546,200.16099751246352
673,242.95146714165955,199.74426301869283
674,239.36196333397908,197.03565564598395
675,239.6988914663629,197.59125794232568
676,233.87977147472105,192.79903768533504
677,233.69815378591474,192.38237469305028
678,238.59922011311681,195.09093439810187
679,237.3137816004735,193.97974172233276
680,238.387107167046,194.39642854844615
681,235.90934678387353,192.3128871656503
682,227.94137770190608,186.13164329243386
683,223.3890331014471,182.1728562722416
684,227.34602961238812,184.0480780758094
685,232.81344053115373,189.39590062914178
686,231.12901333298245,186.68726942260426
687,231.1311520994442,186.68726942260426
688,226.06929203708367,182.86740978955464
689,227.53611266206894,183.63135549895307
690,234.97219264987962,189.46532857197013
691,236.1137813958705,189.04864174585674
692,236.70395659805655,190.29876180876852
693,236.00964186308082,190.02096661905483
694,238.82682403671762,191.82671281213695
695,237.57930266866214,191.6877973419086
696,237.03208426480307,191.9656282823653
697,235.64979902322446,189.88203923191216
698,233.68936758277724,190.09043031262615
699,234.84461854410114,192.45177880205
700,233.73479626925908,191.82671281213695
701,232.62617810244336,190.22933386594016
702,231.69498085435671,189.25700899274207
703,227.12696403743138,185.85383618580585
704,226.93948141581615,186.89557708491796
705,225.82370218426752,183.97862629915238
706,225.77609295298717,184.11754176938072
707,230.87019203007156,187.59015443605963
708,227.78989218870498,186.895577084918
709,224.74629187177482,183.7008311094387
710,222.79301228125846,182.72851815315494
711,222.9614410875701,183.3535722261537
712,226.43641738513747,184.25642148886612
713,225.8592338508398,184.39533695909446
714,225.5168719452345,182.79794609598335
715,222.10129648231444,179.53368875927546
716,222.49893993421162,179.53368875927546
717,216.53959708883323,175.78328090288286
718,218.15923659048403,176.54727427993856
719,220.1890031417115,178.83914715887676
720,218.42505878636277,177.51959915313662
721,220.94162034433754,177.51959915313662
722,221.91810656403007,179.53368875927544
723,217.7640877999559,175.92220829002548
724,211.73432220920816,173.00518600277397
725,210.34543933605454,172.2412283764612
726,208.87903258034405,172.5190235661749
727,203.2984800311401,168.42135682649726
728,205.2008103333762,169.94931974678002
729,200.65568416372088,170.8521928433211
730,200.7133632631244,172.7273788961459
731,204.66049897075024,174.60258878279933
732,200.23137896144,171.26890350326306
733,200.85455804122236,173.1441014730022
734,199.79908928295472,173.49136035628723
735,197.81936113502982,171.54669869297675
736,198.2611488421776,172.86630628328848
737,197.76829000559212,170.713289290007
738,202.01698635913593,174.3247935930856
739,207.9168918420435,178.56136388607723
740,212.3480612498005,180.29765830250238
741,210.58015545574665,179.3947852059613
742,209.05450120297246,177.51959915313648
743,210.07178357335124,178.76971921604826
744,208.8036296632359,176.96398493988045
745,211.75091279423305,178.90864660319093
746,211.1898352764241,178.35299663919193
747,210.16739135657465,176.54727427993842
748,205.03638512549045,171.6161623865481
749,204.61244665809633,171.33835527992008
750,204.55184399033027,170.50491012620736
751,204.22444490963883,170.15765124292233
752,201.05251877384794,167.86573069632684
753,198.89749910012193,166.3377916098727
754,205.46515943069616,169.7409524998946
755,199.22596592545796,165.99053272658767
756,195.971606327996,163.7680877904778
757,195.7497146262179,164.1153228399342
758,198.30869108101885,168.00464616655515
759,195.99761468598797,166.4072433865297
760,194.9526227601151,165.01819593647528
761,189.8610050303608,160.85107742014065
762,185.29307739255924,154.94764065355224
763,185.49955026256208,153.41970156709814
764,186.91678313224452,154.18368302723954
765,183.67336248417564,151.19723279715967
766,189.88548154843448,155.71163403060797
767,190.42519043606842,157.3090248937191
768,187.17525280522747,155.919989360579
769,181.63603742381179,152.1695815041864
770,187.7667663887518,157.5868200834328
771,188.9508268606276,158.35078962665983
772,189.89523900170028,160.43436676019863
773,192.1924013207994,161.13988383868605
774,191.33660108708287,161.28099202114927
775,192.51139185870704,162.33926168042322
776,197.67493289708676,164.17359655095908
777,197.08766827176376,164.80856549667203
778,194.04289856140198,164.6674453972945
779,191.64674971765007,163.18589885828817
780,193.89609147712883,164.6674453972945
781,193.9627540324189,164.9496498453066
782,195.7708764093725,166.50180410165896
783,196.49017439221382,166.0079433384092
784,194.08834478809692,163.36416397960116
785,194.74186051578351,164.35381604622054
786,194.97844277623133,164.77795094378394
787,200.90789491041306,168.94863261750027
788,199.4322503633449,168.59520077259748
789,199.42974559321624,168.45380658419057
790,196.74892332606245,166.6865758581907
791,201.1617969685603,169.7262351107094
792,202.7520336481233,170.78659022998937
793,205.35223056207312,172.34177138257903
794,204.98527595711235,172.62452400864984
795,204.55353813390184,172.6952032274818
796,203.7947796891557,171.56415697245555
797,203.05797695699462,171.8469215154407
798,200.80477016755844,169.72623511070938
799,198.45341409109642,167.11068692192543
800,197.66874667136003,166.68657585819068
801,199.22968545384592,168.24175701078033
802,200.25920212203303,169.09002680590712
803,196.35438956052576,164.7779509437839
804,196.62539397904655,165.06071548676906
805,198.63654594865088,166.2624409606273
806,194.90595740958412,162.79863489363086
807,192.6663148970517,161.031404167631
808,193.41215554657256,161.38483601253378
809,193.57036649885714,162.44517921489944
810,190.1650882541814,158.62792938608592
811,190.92133808510152,159.7589756411122
812,193.51686323265452,163.15206673853368
813,194.00628169380434,164.00036036748912
814,190.91689706562045,160.67793657198527
815,190.77720022583495,160.9606891980561
816,188.6249596618887,159.12277925322425
817,188.42215970385573,158.4158678957614
818,189.43980729820262,159.82965485994416
819,188.102976217672,158.48655903150768
820,184.30387934856833,156.57793411710094
821,184.05747405514987,155.0934560171719
822,182.0374875738788,152.19516711923146
823,179.49558205544932,151.98308179507828
824,175.51080300640152,148.802040271067
825,175.28790660992135,148.3072142377573
826,173.95904860685124,146.2572189687723
827,171.3579386671236,144.48995249202946
828,174.39718429374133,148.16585580009337
829,177.65868636355228,151.62963803326113
830,177.42100328956138,152.68996931871246
831,175.2361040218589,150.14513609950345
832,171.50269020936693,142.36926608729814
833,172.0102244254893,141.6623785636639
834,167.96955417235364,139.9658389734103
835,170.54207423269182,143.99513837563404
836,169.9599132429177,141.3089348018468
837,171.88149529183107,142.9347951732684
838,169.90445953312968,141.02617025886164
839,168.82773889487663,140.24857968256683
840,168.89824976040703,139.82444478500344
841,170.12622252319773,139.4002979705257
842,170.6622237470638,136.71408247982413
843,172.74990519812664,137.98651100634294
844,173.48894188105402,139.96583897341029
845,171.80818729706627,138.19857249666745
846,173.41933976653849,140.03651819224226
847,174.7711137057748,140.81410876853707
848,173.93474794189035,141.37962593759303
849,173.51222180983754,139.54169215893256
850,174.55572188053284,139.75374173234277
851,177.96425375086042,142.15721651388787
852,178.6656630222215,143.64167077998826
853,180.50158489400152,147.74169706870123
854,179.76485374312387,146.32791010451848
855,186.52399781766147,154.10378011672378
856,186.51863336520913,155.5175909147352
857,188.60401961369587,162.16241467191426
858,187.46775849771373,161.87966204584345
859,186.6963996573894,161.95036509850405
860,185.9842616768276,161.52620636711202
861,186.48985532152855,160.96068919805606
862,186.90777740309665,162.3038207772355
863,188.9437312805111,163.4348312815188
864,190.84717678133086,164.99000051719412
865,191.21542527748906,164.99000051719412
866,187.94931242533232,161.66760055551893
867,192.0606319604833,163.15206673853368
868,194.60284431741903,164.49516256697015
869,193.65381976161936,167.32278416299295
870,192.86757664551536,165.83828222923526
871,192.98709424280813,166.05036755338844
872,190.06013056757402,163.01070830086974
873,190.86098145056235,162.02104431733605
874,188.9372413974659,160.1124313198436
875,190.78361864197072,162.58657340330635
876,190.30750471703973,161.031404167631
877,188.83316589171406,160.32449281016812
878,190.25979950909544,162.3038207772355
879,187.88019328294058,162.44517921489944
880,184.59996211071035,159.7589756411122
881,184.1527308386041,158.83999087641047
882,183.34074879385497,155.94172581229867
883,183.67126213734818,156.57793411710094
884,186.28420843247974,159.19344655514195
885,183.69518846330405,156.5072429813547
886,183.40226480556757,157.07274823349633
887,183.75895736048963,157.7796595909592
888,181.15180674377663,155.51759091473534
889,179.71386975047588,154.81067955727246
890,180.41828388678292,155.80034354080613
891,182.08298198178457,156.57793411710094
892,180.48255495889657,156.22446652145518
893,180.3615256268152,157.35552469339575
894,182.33035041064701,158.0624241339443
895,188.48887793485585,163.7176077414183
896,190.54616256176195,164.35381604622057
897,191.4904779951512,164.4951625669702
898,190.68350784638605,163.7882869602503
899,190.9016905769156,165.6969237915714
900,191.76987376537352,166.9693404011759
901,192.52873739174655,166.9693404011759
902,200.87163863347192,174.48654187115113
903,198.9011784136214,171.0170752698527
904,201.0868406930386,172.02901196625052
905,204.54033408573684,174.9202341339992
906,204.9842322280339,174.9202341339992
907,201.99317247937498,172.3904162268334
908,200.537363571768,172.02901196625052
909,204.45300370520155,174.70339396103236
910,204.37866098810022,174.77568196329753
911,204.99113798927104,174.9202341339992
912,203.14222793681415,174.55884179033063
913,204.4313028368069,175.85990666196045
914,201.35780371457162,171.81215987636932
915,203.02361119641907,173.90830935451572
916,202.24774391087516,171.66758387183899
917,202.61525930574086,172.0290119662505
918,202.70800086645656,171.956712047071
919,199.2687445114653,170.07741465880576
920,202.83562432638087,172.6072444828859
921,199.61011463853148,171.73988379101846
922,206.11653812422384,172.53496839753507
923,204.7657172698777,172.39041622683337
924,204.8014452075996,172.53496839753507
925,206.8371447612627,174.19743752974776
926,209.28724637840463,175.3539263968472
927,207.5756874047885,173.90830935451572
928,206.90404291023586,173.7637452668997
929,204.2309522833589,171.0170752698527
930,205.9769474351251,171.73988379101846
931,202.53624267095626,169.8605744858389
932,204.02203946623814,170.00513857345493
933,203.33817855803437,169.21005396693832
934,206.8360899209312,171.956712047071
935,205.94109897028505,170.72795901153498
936,207.27690968638586,171.52303170113726
937,209.93012733963772,174.77568196329747
938,210.7409695380611,176.14902292027816
939,212.17488018334788,176.6549793515627
940,210.05290866139032,175.5707784867284
941,207.77706499338746,174.0528615252174
942,207.7793958337609,174.34197778353513
943,209.32587291344726,175.2093623092312
944,210.875437471378,175.78761865969528
945,207.62274221579656,174.9202341339992
946,207.14811658590872,174.9202341339992
947,207.39163236990458,174.9202341339992
948,208.568211823026,174.70339396103233
949,209.00141435003968,174.26972553201293
950,209.0664819664441,172.7517966535876
951,211.35290314505824,174.4142777027146
952,208.9235571609163,173.9805973567809
953,207.67580630722327,173.4023290894025
954,206.16416516744047,172.10128805160133
955,206.03689852030476,171.88443596172016
956,205.01787106601458,171.45074369887212
957,205.86843777100998,170.80022317997154
958,203.42903562509485,168.5595096142091
959,203.71950704380862,167.83670109304336
960,204.2781851103183,167.69213700542733
961,206.3367472047436,169.7160103982229
962,207.75796355224054,170.14969074415663
963,207.97091071210556,169.4268941399052
964,207.7646176517094,169.8605744858389
965,208.2567747793851,170.29426674868697
966,209.40094504910672,171.3784795304356
967,210.54190980790997,171.8844359617202
968,209.33420403631823,170.294266748687
969,209.58883062863214,169.93285057118982
970,207.18529612376977,169.42689413990524
971,208.82365138669937,169.42689413990524
972,209.7034753601292,171.45074369887217
973,211.27991273633953,174.26972553201298
974,213.3298064770706,176.58270326621195
975,215.48810300532014,177.08867161441086
976,216.2552159985393,176.79955535609315
977,216.2626141142943,176.65497935156282
978,215.99574017963346,175.78761865969537
979,213.47169744946007,177.88375622092744
980,214.72365279813778,182.07606709413457
981,218.2431853213713,183.2325678781484
982,220.06312800168283,183.2325678781484
983,219.06962825126806,182.3651833524523
984,218.46678429204218,180.91959014394945
985,219.2335678707607,183.2325678781484
986,221.35334996986103,182.65432344459865
987,221.17428013585095,183.16029179279755
988,222.57702978254494,185.18416518559312
989,220.75059386076632,183.37713196576442
990,222.20882018167617,184.75047292274508
991,222.15859989358657,186.48521814030863
992,223.63577312109308,190.17154874840256
993,224.62254643477422,190.0992607461374
994,222.92892741944792,190.67751709660143
995,220.7708371641827,190.17154874840253
996,224.41030575096448,189.7378684024688
997,223.58488835774725,188.72595553989964
998,224.27228623161238,188.72595553989964
999,223.6868933829999,187.5694309220572
1000,222.44043454183375,186.34064213577824
1001,225.19338211944088,186.62978222792458
1002,223.96344389954803,186.55750614257371
1003,222.73526691576055,186.62978222792455
1004,224.68729987748313,188.9427718790378
1005,224.39522597795914,189.37647605880016
1006,224.00157746239535,189.08733596665382
1007,220.26486548837576,184.89504892727533
1008,219.45560397049115,184.60589691821465
1009,218.58055827786623,184.2445045745461
1010,222.26081032835583,186.77433439862625
1011,223.24119674629938,187.13575057612346
1012,222.2933590804804,189.23188813735555
1013,226.76496187651745,191.18349736171461
1014,228.91480446689346,190.82209310113174
1015,229.19691789166296,190.45542156441942
1016,227.5676772365849,188.84199053463357
1017,228.30804723645366,189.7220308233375
1018,225.724609659059,186.5685531221484
1019,224.9666898390375,186.64188981287373
1020,226.69468120905054,188.98866391608422
1021,227.77897097790176,188.47530708100692
1022,229.35286893720098,189.94204089551346
1023,230.44184604039071,189.94204089551346
1024,231.37916922388266,188.91533914227318
1025,235.14282202169017,189.86868037095948
1026,231.1981358564533,187.52194201849193
1027,230.46110251955832,186.64188981287367
1028,231.96767821857682,188.47530708100686
1029,230.46281436051288,186.2751944423327
1030,231.72407989606396,186.56855312214833
1031,231.81191068870382,185.3951660705431
1032,230.51723267446835,185.24850460600678
1033,227.13442518118543,182.60837182298064
1034,227.46308900886405,182.90171858588195
1035,226.74581544853856,181.94835352336702
1036,225.59312586008366,182.75504520443133
1037,225.1848609676395,181.65498292663708
1038,225.78452474420277,180.40827110122083
1039,225.390535730334,181.8750049157274
1040,225.43841120438034,183.12171674114367
1041,228.91902831080586,186.27519444233278
1042,229.63078424053475,182.68170851370604
1043,233.15621503718432,183.85508364839697
1044,234.2522581818194,184.88180923546588
1045,235.1073398701145,185.6885128334445
1046,232.4903645012324,184.36844048347427
1047,235.11460473505574,184.6617991632899
1048,235.80660325513276,185.9085229056205
1049,235.764584078596,185.46850276126852
1050,234.2065639377532,184.80847254474057
1051,234.4791359277793,183.1217167411437
1052,234.03944375279343,182.3150131431651
1053,233.69357054706538,181.58165815282612
1054,235.6850221519103,183.41508733787362
1055,234.84700423128808,183.63508549313528
1056,236.89233431055928,186.20186966852174
1057,238.6851495710364,186.78856319432435
1058,238.61524213580154,184.80847254474048
1059,238.0728241670308,184.00176894676187
1060,236.37125783100905,182.97505527660726
1061,232.96690312104602,180.04157573067982
1062,232.65578917178829,179.8949142661435
1063,233.61101816403863,181.21498661611372
1064,229.8927755709327,179.08822258507922
1065,230.45702835869136,179.16154735889023
1066,230.1585145317059,179.8949142661435
1067,231.63796165121377,182.241688369354
1068,232.16030737077122,181.14163800847408
1069,230.7321310461889,178.7948758221779
1070,233.28887226562196,181.36164808065007
1071,233.55069345407534,182.02167829717803
1072,235.060662113781,185.1751559983671
1073,235.7486266025794,186.71523842051332
1074,231.6892198091111,186.2018696685217
1075,231.0480891174207,185.17515599836713
1076,231.0214570305261,185.6151642258048
1077,228.75274444715984,183.04840388424697
1078,227.73465700567917,183.12171674114364
1079,227.01818556937852,183.92845608986522
1080,223.581207102888,181.65498292663708
1081,225.13877575588958,181.80166822500206
1082,225.5371175994449,182.16833976171438
1083,222.2289679482014,178.57485383308764
1084,224.00397993503645,179.38156934798056
1085,223.44909639440883,178.9415492036286
1086,220.72644086552242,177.6948016274694
1087,222.29188062412064,178.57485383308764
1088,226.80079208723348,182.6083718229807
1089,227.77308949718824,184.00176894676193
1090,229.56216672764725,185.61516422580482
1091,228.88310251111417,185.5418513689081
1092,231.54237271832292,186.5685531221484
1093,232.31299343163417,186.64188981287373
1094,230.39511266896403,185.90852290562046
1095,230.99768260947158,188.76865384390825
1096,232.13969629470515,189.2086620713459
1097,234.84759143367734,191.48213523457406
1098,234.01155888304558,191.55546000838507
1099,234.57577848504354,192.14212970035905
1100,235.3238360048016,192.0687810927194
1101,239.18460778584497,194.41559094667286
1102,236.9511649326923,192.655510369265
1103,235.98275339020836,192.58216176162534
1104,235.70247461712745,192.4354883801747
1105,233.4356740996123,191.18876463784412
1106,233.72388777633017,192.50883698781436
1107,235.02695551166707,192.36213977253504
1108,236.956067082926,192.655510369265
1109,235.55382686545863,193.31554058579292
1110,236.7412982686068,192.58216176162531
1111,235.21830439187653,191.1887646378441
1112,235.99244224847314,191.8487829374577
1113,234.13455258890238,190.67541971968112
1114,235.36142623098925,192.2154783079987
1115,235.7197761345204,192.43548838017466
1116,234.5314597054756,192.87550852452665
1117,234.31603967667797,192.948845215252
1118,239.5985896220348,195.29559548463385
1119,237.4749575499536,196.10232291644112
1120,236.97320915029044,196.3956577624281
1121,236.0240793096844,195.66230277208913
1122,237.25766414928808,196.17563577333777
1123,237.45103492824813,194.48891572048387
1124,237.70936720452556,195.00226063864685
1125,238.20415914430723,195.80897615353976
1126,240.08444746419076,196.90905034824831
1127,241.02705958015994,199.10913915309385
1128,242.88155089589716,199.10913915309385
1129,244.2533278211499,198.6691190087419
1130,241.2115887735224,197.86239157693464
1131,237.2266048412094,194.41559094667286
1132,237.71445226544085,194.34224233903322
1133,236.90214409604877,193.82888550395595
1134,237.72038574381824,194.70892579265987
1135,236.70750661999057,195.0756092462865
1136,236.10085807004742,194.04890749304622
1137,236.96732992473613,194.85562300793913
1138,238.84580529834597,194.5622643281235
1139,237.6613603368491,194.5622643281235
1140,235.25250229326727,193.09549476287395
1141,231.11726956343853,191.2943842494623
1142,231.59353325279895,192.57019717964803
1143,239.56890862702002,199.47448791231662
1144,244.9099184511829,200.8253416519754
1145,244.23171153999866,201.20060528391247
1146,244.15804595790624,201.12555255752505
1147,244.51181370789783,203.6020780238518
1148,244.08825126034793,203.6020780238518
1149,245.83250092537824,204.87787903712317
1150,246.53451610070374,204.35255762006858
1151,244.15913611139885,201.65085014075098
1152,241.66758788919898,201.65085014075098
1153,242.86610823418408,202.77656953507616
1154,243.3597908853971,204.05234671451893
1155,249.18307012179858,213.65838067724806
1156,247.62419387470175,212.08236875842704
1157,246.24854671984934,211.78218168670602
1158,248.12714564977796,212.60769017548162
1159,246.35166254593335,211.93228713948088
1160,250.66365730585085,214.3337598794202
1161,254.93724877239308,215.75966634546643
1162,255.86862479355085,216.05985341718744
1163,251.82421409289447,215.15929220202443
1164,254.82784864109158,215.08426330946565
1165,253.62424445032832,214.3337598794202
1166,257.7334856631848,220.56265949300231
1167,260.149762965215,222.3637819233283
1168,264.93760023121564,223.4144485912661
1169,270.81019639801906,228.59268153691045
1170,273.2726977523883,231.819686599454
1171,272.1386958667446,229.49324275207346
1172,275.0224733143384,231.89471549201278
1173,275.4788063365381,233.020434886338
1174,269.4085967764231,232.7953005410044
1175,270.15233196231213,229.64334820484825
1176,273.19825203185667,231.74463387306656
1177,275.3459630374797,231.21931245601198
1178,270.71251506736854,229.9435114427406
1179,277.97466465775426,236.24743994888152
1180,280.15601039813413,235.94725287716054
1181,277.83383673201985,236.39754540165637
1182,277.28097492177693,236.54767468825986
1183,278.3118731349872,236.62267974698997
1184,283.1175195720339,235.49700802032203
1185,286.7223355951019,236.84781409232357
1186,281.03901493998865,236.24743994888158
1187,285.7809473397048,239.62455046419996
1188,283.25023821862516,237.97353348664882
1189,282.5234125303862,239.324363392479
1190,283.8154546178798,245.02791775517792
1191,284.5696928235804,244.65270179089816
1192,283.5251578906083,243.90224602851
1193,281.4626484472032,243.30184805123938
1194,274.0611124173139,240.14989571508323
1195,262.89860331046293,233.62080902978008
1196,265.94550878201653,236.24743994888166
1197,265.1820280315167,238.5738837962622
1198,257.34994406349824,226.49137203486362
1199,257.2262135927251,225.81592133120557
1200,258.24226101949614,227.99228355964
1201,262.4710567824711,234.67149953154657
1202,258.38649358386107,230.39380396723658
1203,260.1394147801653,234.14613044683472
1204,265.6429161308838,238.34874945092864
1205,264.7545186805523,237.52324096215304
1206,263.3687568453015,234.37126479216826
1207,268.0353038304378,235.5720369128809
1208,270.3397176492871,238.94914742819927
1209,271.51348565811793,240.29997733402942
1210,274.4465178469953,241.20053854919243
1211,272.93375303307096,240.90035147747142
1212,276.4268021689581,242.62639734758136
1213,276.27518859716423,245.10299431539403
1214,277.3422676561815,246.75398745911656
1215,280.27230208110245,250.13112180826357
1216,281.93169203670203,251.33187009514754
1217,282.6717642325293,251.0316591895979
1218,283.71728656262906,250.95660646321048
1219,283.6334088441806,250.65646705914676
1220,286.22342017056394,255.15922546730445
1221,289.025098924327,257.1104771842339
1222,286.8780923901503,256.05981051629607
1223,295.32894290802534,259.5870026505606
1224,295.9751115897,259.9622662824976
1225,291.87286423829084,256.4350979820617
1226,289.60404561268075,252.0072492973196
1227,287.18771462242734,249.1555078667131
1228,290.9596008612537,254.48384626513223
1229,287.92239189323055,250.43130887998447
1230,286.0199933291936,252.8327816199238
1231,291.7987652868615,261.46317780727395
1232,292.6019682704223,259.4369210316144
1233,293.33385314162985,260.1123240676152
1234,294.51160370847606,264.7652594300336
1235,300.9711149841143,268.5926148021905
1236,302.73863502821166,270.1686267210115
1237,302.5566190786372,270.1686267210115
1238,306.4612474702559,274.6714327968264
1239,313.22621088158326,282.1010568634639
1240,314.5204847266929,284.80276434278153
1241,313.3249838249197,283.076694638843
1242,308.65299780334755,276.1723443216028
1243,306.6463987441956,276.02226270265663
1244,307.86925457430084,278.198624931091
1245,307.50981779169064,278.12359603853224
1246,306.6506628939444,279.8496657424708
1247,310.4626661431439,280.074823921633
1248,307.2483243085397,278.198624931091
1249,312.37094397151174,281.575759280238
1250,315.20221992994044,288.93033062048806
1251,315.5509456568904,287.8796877863789
1252,323.26250197687295,296.96035266439617
1253,327.2036173408796,296.6601655926752
1254,327.55015716940346,297.710832260613
1255,334.55839392057544,304.3149240046463
1256,324.23759095692196,294.7089377095744
1257,324.35943038840185,295.23425912662896
1258,323.6303162613402,296.969171180993
1259,323.51668245864664,292.8204881311114
1260,319.1789333547952,287.540365568031
1261,316.6885978605138,280.9779353564605
1262,307.1030088454844,272.6051590228803
1263,316.2565499713436,281.05336942410617
1264,306.8817504110593,270.0405437259001
1265,304.7326776018893,272.4543385552463
1266,306.03651964834785,272.4543385552463
1267,306.149246057146,272.83146122581724
1268,313.49285650982216,277.5835453153781
1269,298.3777717321131,263.5534999143179
1270,277.03742863198306,239.49124786061643
1271,285.47333814272645,252.69156618523178
1272,292.3743954968361,262.72379667170173
1273,285.6343350302294,257.29280597333
1274,291.6992014748017,265.2884358025106
1275,301.48272863325076,268.6073679421187
1276,302.67138668251533,269.2862507171009
1277,307.7454337004415,272.68061692435464
1278,303.9538925185813,270.568558365591
1279,312.19299519562594,276.67838417128763
1280,314.34002742142576,277.05555450951584
1281,315.2783165437368,277.2063988109785
1282,312.3066292264614,274.2646370095987
1283,310.26943136669325,272.8314612258173
1284,309.8570023246738,272.9823293611086
1285,309.25785189605136,273.43490993315385
1286,307.6206341398853,272.2279886846521
1287,310.606504558741,276.0749592977797
1288,310.4844207960863,272.3034227522977
1289,310.34943270869616,273.5857780684451
1290,308.7505142708097,272.83146122581724
1291,309.9953165090015,271.62458764497273
1292,295.7925015505046,258.34883525271175
1293,293.44732462614274,259.93287917178446
1294,299.18869463351405,263.62895781579215
1295,293.0464991975796,259.55573266738486
1296,290.5812423443311,260.0083132394301
1297,290.86013247197286,259.2540202306309
1298,300.3719553161131,268.98451444651823
1299,298.00710658848845,269.1353349141523
1300,299.97833080717544,269.6633733876718
1301,294.615319525926,268.30565550536465
1302,296.8593205871933,271.7754319464354
1303,297.7607723477483,275.2452083875061
1304,301.3478686304082,276.4520819683506
1305,304.75535463967805,279.09217900063373
1306,312.5978703376497,283.2408620505153
1307,316.62044369772684,285.57919897838724
1308,316.8338894906533,284.9757502710507
1309,306.54061038386965,277.50811124773236
1310,309.26252944940563,276.9801204418701
1311,309.2121205180135,276.9801204418701
1312,312.7359737056232,283.8442630901946
1313,308.79762401921613,282.48652137405884
1314,312.4367239232941,285.12659457251334
1315,317.3328256360677,289.8786786620742
1316,317.72253859728994,290.10498086501116
1317,324.0991667476309,296.2902645721821
1318,320.48273336371545,291.16101014439295
1319,322.7720780549415,291.61361455026685
1320,324.66985424409705,298.85492753681956
1321,326.8479983181898,298.7794934691739
1322,329.70253488159557,297.64805395597506
1323,327.75234251238527,295.6868396986741
1324,326.11701447819195,293.876517410493
1325,327.0208594982898,296.29026457218197
1326,326.02103953491905,295.7622737663197
1327,323.81265093683544,288.8981072841666
1328,322.356732814221,289.3507116900405
1329,318.6180399320537,287.3895212665682
1330,321.48470084636807,291.08557607674726
1331,321.53853360102426,292.14160535612905
1332,321.3186568917561,294.47996611782963
1333,324.4334503296164,297.87433232508334
1334,325.76115954406254,300.21266925295527
1335,324.6476877269012,300.3635135544179
1336,321.57875258539093,292.6696438296486
1337,320.52189300452807,290.7838636399933
1338,317.9006520263388,288.1438142753674
1339,318.8010840157242,290.18043876648534
1340,318.2169525898648,286.1071897842494
1341,321.3437017151171,290.029570631194
1342,318.83694941296665,288.8226732165209
1343,315.8103124028642,285.6546092122041
1344,318.23786077334586,291.23646804586707
1345,320.02471396028,290.1804387664853
1346,319.1520519482092,286.4089022210033
1347,316.0955442922314,282.2602430049504
1348,315.4551937503163,281.80768626673375
1349,313.33473474182085,282.48652137405867
1350,317.96591288923963,289.1998435547491
1351,321.87012132379357,293.12220056786515
1352,322.5912585986486,294.8570887884005
1353,322.05884504855936,296.4411327074733
1354,321.50610468431006,295.3096931942745
1355,322.5734137188675,295.6868396986741
1356,321.40949775417556,293.5748049737391
1357,317.8910676152014,291.0101420091016
1358,319.98925666926675,294.404532050184
1359,318.5055367725571,294.63083425312095
1360,319.59270910666373,295.83773166779406
1361,319.6556363880097,297.3463176853925
1362,321.25154550138814,297.3463176853925
1363,318.0451436177346,293.2730448693279
1364,314.3132215484374,290.55760910471366
1365,319.4062311032866,297.5726198883294
1366,321.5544371504356,298.40232313094566
1367,321.56426652628386,299.3074842750362
1368,320.7471543046797,299.08120590592785
1369,321.67148079262904,300.061801117664
1370,320.24213913406084,298.40232313094566
1371,318.1615905439381,295.30969319427453
1372,317.56812634438984,292.74505406346566
1373,317.8144906918296,295.6868396986742
1374,322.952519142792,304.96477717634485
1375,320.99922792060835,308.35911954976996
1376,320.0613718669054,303.75787976167175
1377,317.6981252215133,300.288103320601
1378,316.15602265857217,300.2126692529554
1379,314.03621566428393,293.273044869328
1380,318.675478509523,295.08339099133764
1381,315.7260843226286,292.82048813111135
1382,319.6685739343447,298.779493469174
1383,319.08859947355216,300.2324513307266
1384,320.7170557399984,303.2913802337007
1385,322.14027330213185,303.90317078106125
1386,319.9014812704622,307.87974975433326
1387,307.2361495359214,294.7264079059674
1388,303.4395096076055,296.4853206257719
1389,309.0067711732198,300.9972073902987
1390,311.0588050627326,302.29722357346833
1391,315.60722237600555,303.6737463465724
1392,315.3743180058227,300.23245133072646
1393,319.8747120252724,302.06782297280813
1394,319.1910990017125,301.6089502700019
1395,323.23405893373126,300.30893408683227
1396,321.6378415558809,296.714721226432
1397,325.72813557986814,301.2266079909588
1398,326.71590713925167,302.2972235734683
1399,327.66874788259497,301.7619396160422
1400,327.6972656836063,300.6148412774269
1401,330.0909165597423,302.7560724424458
1402,329.12558675728496,300.07950965234346
1403,324.22153367134933,296.1793896013486
1404,328.27813063994023,297.78533680894145
1405,322.4265893248017,294.42052454920133
1406,321.6484441110646,287.61444110744395
1407,322.78520206559153,285.70263437691375
1408,324.9195129817295,289.449788915697
1409,325.58686194241335,287.6909238635498
1410,322.17538626665527,285.01438490727605
1411,324.15769917259934,283.33195494357733
1412,319.02012247122843,278.3612431439016
1413,322.5867152548256,279.58480040479407
1414,318.4969568904924,276.9847203707975
1415,320.4556203209918,276.06702263284234
1416,318.74918788443034,278.43770206617876
1417,321.06359716293196,279.58480040479407
1418,316.7101516564649,276.1435292227768
1419,319.6824313536335,282.10837384885616
1420,318.0599126441455,279.81420100545415
1421,316.000861018087,279.5083176486882
1422,316.6196971357255,282.4142572056221
1423,317.91875658035184,282.18485660496196
1424,314.4791705614676,276.83175485858584
1425,309.1283333021698,274.07875698003494
1426,297.58919157609716,264.2137446353034
1427,305.3545045334334,269.6433053039567
1428,305.53113512673985,269.18448026880776
1429,275.34981302307483,242.26602985854413
1430,264.19316267281675,234.38933083427725
1431,245.82211128489692,223.60664458541916
1432,270.0997225183021,245.93672547505022
1433,280.1783635944036,251.67221716812674
1434,285.35860862536055,250.3721533172998
1435,288.9350654032348,252.89577442901918
1436,286.3166579169282,248.30738107455795
1437,283.5842618965025,245.55438319600702
1438,283.38469151692226,246.0896671534331
1439,283.1748972484088,242.57193704913865
1440,277.4650953781338,238.51885148593217
1441,286.2830373686837,249.07211330030148
1442,281.92790372519,247.61913160492023
1443,287.3734766167607,253.50754114255108
1444,293.75263983127087,255.64877230757008
1445,296.1544028136422,256.6429289678024
1446,298.31863492226154,257.86648622869484
1447,306.21580850260256,265.36081914009
1448,296.618041795983,262.99016354058216
1449,302.69907681703,261.5372056790295
1450,301.37758715425423,260.5430490187972
1451,301.331638710536,263.9843202008145
1452,304.4617462099888,267.27264970444884
1453,308.05185370046934,270.2550958513172
1454,314.68689819983376,273.54344918878013
1455,320.81289427554304,279.73771824934835
1456,322.38715062055087,279.12595153581645
1457,325.7766220664223,279.89068376156
1458,315.7649675737298,275.99053987673653
1459,318.2665048110114,276.5258715018199
1460,323.1797266244794,280.8083576656865
1461,324.6123247181846,277.749452596541
1462,322.91710029099556,276.6023542579257
1463,318.2233411170106,276.2964470673311
1464,315.12088449956264,273.84930871171747
1465,313.8330611023425,274.3081814145237
1466,309.7273841451968,274.919924294227
1467,309.1446398845649,269.0315385904247
1468,314.6257714603893,270.9433453209549
1469,323.76123953917136,277.290627561392
1470,323.9307885630624,277.8259115188181
1471,326.04182550432887,278.2847603877957
1472,329.3178535054846,280.96129934406946
1473,333.42895502262587,288.5320911777418
1474,339.3599716812511,288.5320911777418
1475,334.72697731335546,288.5320911777418
1476,330.9736516561765,288.5320911777418
1477,329.59551445493776,288.5320911777418
1478,331.5756123876962,288.5320911777418
1479,335.5819569940007,291.02513348731605
1480,330.7234713105952,288.14974889869865
1481,328.56499059823096,287.7214788318662
1482,327.9304190094082,285.33554574820016
1483,333.4399243421449,290.53570581619334
1484,337.27438356814946,294.7570105419411
1485,337.6264005734745,295.12409917065463
1486,337.786639051767,295.4299586935919
1487,332.83265474380414,295.85822876042437
1488,335.5875759887719,297.5711898586109
1489,336.1719505762975,297.63239513055845
1490,337.85818379721456,301.7313369800683
1491,337.09862187204703,298.9171338295698
1492,336.05060448668695,297.1429436256071
1493,334.1855724550524,295.7970234884767
1494,339.63032934557134,298.8559523914509
1495,347.6027188419784,302.28194608930994
1496,348.62752969076234,303.5666847883213
1497,346.67569252204805,301.79251841818717
1498,349.70566821341265,305.8914602676971
1499,353.14749688771724,308.33859862331065
1500,351.6835735943043,310.1739464315637
1501,354.520529020802,314.7623159521963
1502,353.4291902545894,313.59174129237056
1503,350.5614805008704,311.4353994799938
1504,354.89411743218596,312.3595561855104
1505,355.5363161197639,314.20782192888635
1506,354.4516403379301,313.59174129237056
1507,352.1235583406519,314.5158741640585
1508,347.67747174302696,310.819318843478
1509,349.9815242873807,314.2078219288863
1510,349.15519304431194,317.5963488481232
1511,346.51238851502296,315.7318066484556
1512,347.1189144074703,319.7716801393588
1513,344.4769200706974,316.97484279613985
1514,348.8430262291948,325.9868849214975
1515,350.062543735511,325.9868849214975
1516,351.55143184557744,328.47295721686606
1517,350.36160613972646,328.7837222647165
1518,352.0262940643867,331.580535564218
1519,350.73631043715517,330.3375234602512
1520,351.414981459103,330.3375234602512
1521,352.2787067611665,331.269794560085
1522,353.45322825333307,330.6482885081016
1523,349.0882963652877,321.3254813348935
1524,350.02537769667714,323.1900475782786
1525,345.94249246432906,321.63624638274393
1526,350.4713064526168,327.54068611703224
1527,350.66247701529414,327.8514271211653
1528,350.6829002835047,329.4052283167
1529,346.4778071267937,326.2976499693481
1530,346.6133640467987,326.2976499693481
1531,350.8414895618325,323.1900475782787
1532,352.7889918554418,323.1900475782787
1533,352.0983493025076,322.8792825304283
1534,353.1721952931136,325.05458977794643
1535,353.61603944590473,328.47295721686623
1536,361.1606644286994,331.58053556421817
1537,361.19875399355186,334.99892704685544
1538,363.30632770543787,341.5248728331272
1539,362.3140264028197,344.6324752241965
1540,365.62537113430596,348.05081861939885
1541,365.35555308005644,348.05081861939885
1542,368.30372113334016,352.71222220600293
1543,367.6224881692542,350.22612586691696
1544,369.65278896847616,353.95525835368716
1545,371.92337071863585,354.2659993578202
1546,373.39293435609744,356.7520956969061
1547,378.41471225769084,363.27804148317784
1548,379.360136501441,362.96730047904487
1549,375.5902679941636,361.72424028764317
1550,373.28539282520364,355.81980055335487
1551,374.03179704290056,359.23816799227467
1552,373.4090405377875,361.1027101919423
1553,374.585012478446,367.9394450697819
1554,376.00032885286635,373.22235470836944
1555,382.10953661867165,383.4774329814114
1556,383.34571756886186,380.0590655424916
1557,387.7646424637216,382.8558788419931
1558,382.36815567164086,379.1267703989403
1559,380.71475074986773,377.26222819927267
1560,385.95108758804076,384.0989390333948
1561,393.84654831083776,391.55715591950036
1562,395.7440141448934,385.6527402289295
1563,399.4161419958202,392.17868601520115
1564,396.10432087649724,392.800216110902
1565,394.13800936968164,389.69261371983265
1566,394.85164956121065,387.5172824285971
1567,399.4958221654851,396.52932455395484
1568,398.71901515806786,393.7324872107359
1569,406.90869180424664,400.25845704072503
1570,408.4226905663824,400.25845704072503
1571,416.7943209987938,402.43376428824314
1572,419.7172081667319,398.70465584519036
1573,417.07743624024556,397.46159565378866
1574,413.0009163407548,392.4894510630516
1575,413.29284590293133,393.42172216288543
1576,410.9713671988866,388.76031857628135
1577,414.8607503483087,393.7324872107358
1578,414.2782343204299,390.9356498675169
1579,413.7412757271464,392.800216110902
1580,411.1161802853246,390.9356498675169
1581,405.74797153410043,383.4774329814113
1582,404.7175802155811,384.7204691290956
1583,400.7333751189571,375.7084270037379
1584,399.14906391054063,373.2223547083693
1585,411.036914942167,384.72046912909553
1586,401.565284042136,371.9792945169676
1587,404.13492262841106,370.1147523172999
1588,404.34386824295683,375.0868969080369
1589,410.60329399647384,381.3020776464582
1590,411.70218554881757,384.7204691290954
1591,408.85769192239485,387.51728242859696
1592,410.75179862931225,382.2343727900095
1593,414.38909008941437,383.4774329814112
1594,415.2607223334897,387.2065173807465
1595,416.98884275397324,386.5850113287631
1596,417.5000299092862,390.0033787676828
1597,418.5673700202301,395.9078185019711
1598,418.4278932908443,395.2862643625528
1599,418.87900164698,398.0831497932066
1600,416.519127312508,393.73248721073554
1601,419.9796055183107,394.35401730643645
1602,417.9081710867813,390.3141197718158
1603,412.74295777873954,386.8957763766134
1604,414.88488525698506,384.7204691290953
1605,416.0793711371259,384.7204691290953
1606,419.2523059452254,388.44957757214814
1607,427.61404962267494,394.04325225858605
1608,427.6571281400171,395.9078185019712
1609,428.3406857003662,396.84006555808753
1610,428.88433860885567,400.25845704072475
1611,431.39022854712573,405.54134263559473
1612,429.31299298688725,404.9198606273288
1613,430.53784045360453,407.7166739268303
1614,438.0082372111489,416.10716191276975
1615,443.13839644231297,431.95591487224965
1616,448.6336746765617,437.54958955868756
1617,444.3418969481709,434.1312461634852
1618,443.7011979913651,435.68504735901985
1619,444.945314946414,434.1312461634852
1620,448.75291350727525,437.2388485545545
1621,447.2827247544489,439.41413175835515
1622,449.1440214650504,439.72492084992297
1623,449.49692759878644,439.1033907542221
1624,459.4334765916776,447.49392682759634
1625,461.259493186499,451.22301122693176
1626,460.56934812575906,451.22301122693176
1627,457.97756354496994,446.5616076403277
1628,468.15445349816235,452.54940694296397
1629,469.84781469932693,455.38570002649413
1630,467.38943384034883,455.38570002649413
1631,468.9404657712959,460.428052272142
1632,474.2711859509105,467.67636750503794
1633,472.9985162104253,464.8400744215078
1634,465.4646066663283,457.59171110117694
1635,461.15771897667514,450.65851282898717
1636,467.0733211948425,459.79772217585986
1637,466.3437346909374,459.4826052151536
