portfolio,weights,invested,ending_value,gain,return_on_invested,cagr,volatility,sharpe,max_drawdown
Grid_SP000_TW000_AZ100,"sp500 0%, 0050 0%, allianz 100%",1000000.0,21538545.653362434,20538545.653362434,20.538545653362434,0.35972009272393257,0.25030257211654844,1.3952165839963404,-0.4019890601690693
Grid_SP000_TW005_AZ095,"sp500 0%, 0050 5%, allianz 95%",1000000.0,20952718.697543446,19952718.697543446,19.952718697543446,0.35597214217140927,0.2739182074969875,1.6114905705187175,-0.3966191477084915
Grid_SP000_TW010_AZ090,"sp500 0%, 0050 10%, allianz 90%",1000000.0,20346978.00785539,19346978.00785539,19.34697800785539,0.35199628590239573,0.2636774359544098,1.64881539829854,-0.391319594594539
Grid_SP005_TW000_AZ095,"sp500 5%, 0050 0%, allianz 95%",1000000.0,20066559.791805863,19066559.791805863,19.066559791805865,0.3501195352584072,0.2724705354292862,1.5982919372891462,-0.38738826666846526
Grid_SP000_TW015_AZ085,"sp500 0%, 0050 15%, allianz 85%",1000000.0,19723988.47784816,18723988.47784816,18.72398847784816,0.3477945180869022,0.25394505406653495,1.6857750046357238,-0.3860930418922408
Grid_SP005_TW005_AZ090,"sp500 5%, 0050 5%, allianz 90%",1000000.0,19492968.45924739,18492968.45924739,18.492968459247393,0.3462059906103836,0.2619926169718882,1.6367722420557334,-0.3819940013607479
Grid_SP000_TW020_AZ080,"sp500 0%, 0050 20%, allianz 80%",1000000.0,19086425.19461331,18086425.19461331,18.086425194613312,0.34336893860358053,0.24478170919914163,1.7216688051806164,-0.3809421118192998
Grid_SP005_TW010_AZ085,"sp500 5%, 0050 10%, allianz 85%",1000000.0,18902463.896622896,17902463.896622896,17.902463896622898,0.3420672580045949,0.25200803347701434,1.6751728919755762,-0.3766735693824672
Grid_SP010_TW000_AZ090,"sp500 10%, 0050 0%, allianz 90%",1000000.0,18661968.81840714,17661968.81840714,17.66196881840714,0.340348251004736,0.26057796205399275,1.6220110219498016,-0.3725673610376571
Grid_SP000_TW025_AZ075,"sp500 0%, 0050 25%, allianz 75%",1000000.0,18436954.796195544,17436954.796195544,17.436954796195543,0.3387217513750138,0.23625362272838316,1.755621082663924,-0.3758694056450893
Grid_SP005_TW015_AZ080,"sp500 5%, 0050 15%, allianz 80%",1000000.0,18297593.64161577,17297593.64161577,17.29759364161577,0.33770540701349194,0.2425777101150109,1.712819406207671,-0.37142963670043105
Grid_SP010_TW005_AZ085,"sp500 10%, 0050 5%, allianz 85%",1000000.0,18102686.401618324,17102686.401618324,17.102686401618325,0.33627222454481887,0.250356508084889,1.6616109278269018,-0.36715177512899966
Grid_SP000_TW030_AZ070,"sp500 0%, 0050 30%, allianz 70%",1000000.0,17778217.481227294,16778217.481227294,16.778217481227294,0.3338552626272566,0.22843195434604058,1.7865742566391318,-0.3708775015915141
Grid_SP005_TW020_AZ075,"sp500 5%, 0050 20%, allianz 75%",1000000.0,17680900.515793074,16680900.515793074,16.680900515793073,0.33312261106050833,0.23376873373239926,1.748850609868319,-0.36626484827409456
Grid_SP010_TW010_AZ080,"sp500 10%, 0050 10%, allianz 80%",1000000.0,17529271.91434798,16529271.91434798,16.52927191434798,0.33197380974974644,0.2406737769081272,1.7007664819268256,-0.3618135691963006
Grid_SP015_TW000_AZ085,"sp500 15%, 0050 0%, allianz 85%",1000000.0,17324875.348651618,16324875.348651618,16.324875348651616,0.3304109815238201,0.2490591500058275,1.645525543319783,-0.3575273294113759
Grid_SP000_TW035_AZ065,"sp500 0%, 0050 35%, allianz 65%",1000000.0,17112809.833539374,16112809.833539374,16.112809833539373,0.3287718790754455,0.22139158904676629,1.8133004007407187,-0.3659689527380001
Grid_SP005_TW025_AZ070,"sp500 5%, 0050 25%, allianz 70%",1000000.0,17054905.359489243,16054905.359489243,16.054905359489243,0.3283211457024835,0.22565388367048628,1.7822045389697516,-0.3611818259239209
Grid_SP010_TW015_AZ075,"sp500 10%, 0050 15%, allianz 75%",1000000.0,16944147.773981836,15944147.773981836,15.944147773981836,0.3274551494158695,0.23159734791336378,1.738641135702243,-0.3565554324223561
Grid_SP015_TW005_AZ080,"sp500 15%, 0050 5%, allianz 80%",1000000.0,16781712.190879405,15781712.190879405,15.781712190879405,0.326175831876484,0.23913497275694062,1.685943179459279,-0.3520935703487329
Grid_SP000_TW040_AZ060,"sp500 0%, 0050 40%, allianz 60%",1000000.0,16443268.60952559,15443268.60952559,15.443268609525589,0.32347410603736804,0.21520921926159947,1.8344393730175648,-0.3611462849329041
Grid_SP005_TW030_AZ065,"sp500 5%, 0050 30%, allianz 65%",1000000.0,16422090.5144602,15422090.5144602,15.4220905144602,0.3233033868381767,0.2183105780277588,1.811621600951673,-0.3561831662036493
Grid_SP010_TW020_AZ070,"sp500 10%, 0050 20%, allianz 70%",1000000.0,16349718.530073533,15349718.530073533,15.349718530073533,0.32271848827351746,0.2232011988056991,1.7741815961485263,-0.35138003076329605
Grid_SP015_TW010_AZ075,"sp500 15%, 0050 10%, allianz 75%",1000000.0,16226975.459066838,15226975.459066838,15.226975459066837,0.3217211510441247,0.22980119474845428,1.7254164404210646,-0.3467408097965192
Grid_SP020_TW000_AZ080,"sp500 20%, 0050 0%, allianz 80%",1000000.0,16055025.838775756,15055025.838775756,15.055025838775755,0.32031251257447524,0.23796838100336257,1.6683143284056823,-0.34226931531318716
Grid_SP005_TW035_AZ060,"sp500 5%, 0050 35%, allianz 60%",1000000.0,15784884.197880093,14784884.197880093,14.784884197880093,0.3180718088447314,0.2118190752991142,1.8356748157827572,-0.3512714382787867
Grid_SP000_TW045_AZ055,"sp500 0%, 0050 45%, allianz 55%",1000000.0,15772055.619571134,14772055.619571134,14.772055619571134,0.3179645454769888,0.20996065067044462,1.848570539866437,-0.3564365054463199
Grid_SP010_TW025_AZ065,"sp500 10%, 0050 25%, allianz 65%",1000000.0,15748354.99984448,14748354.99984448,14.74835499984448,0.31776617121876627,0.21556483399343135,1.806112041117362,-0.3462900047877716
Grid_SP015_TW015_AZ070,"sp500 15%, 0050 15%, allianz 70%",1000000.0,15662956.808743998,14662956.808743998,14.662956808744,0.3170491529867363,0.2211325890471328,1.7629131205167448,-0.3414717583864153
Grid_SP020_TW005_AZ075,"sp500 20%, 0050 5%, allianz 75%",1000000.0,15529511.262481127,14529511.262481127,14.529511262481128,0.31592164566334224,0.22838912739618186,1.7091043139542164,-0.3368206463050112
Grid_SP005_TW040_AZ055,"sp500 5%, 0050 40%, allianz 55%",1000000.0,15145645.89581595,14145645.89581595,14.14564589581595,0.3126289826440509,0.20625981615633796,1.8528365452287088,-0.3464491818136396
Grid_SP010_TW030_AZ060,"sp500 10%, 0050 30%, allianz 60%",1000000.0,15142379.227158096,14142379.227158096,14.142379227158095,0.312600641473203,0.20877164337966694,1.8329549898629234,-0.3412879675221788
Grid_SP000_TW050_AZ050,"sp500 0%, 0050 50%, allianz 50%",1000000.0,15101543.81718057,14101543.81718057,14.10154381718057,0.3122458939799293,0.20571736928358778,1.8543202394613216,-0.35325401969961057
Grid_SP015_TW020_AZ065,"sp500 15%, 0050 20%, allianz 65%",1000000.0,15091918.606422428,14091918.606422428,14.091918606422428,0.3121621516450348,0.21321030389752765,1.797156698143575,-0.33628910124548217
Grid_SP020_TW010_AZ070,"sp500 20%, 0050 10%, allianz 70%",1000000.0,14994762.325824521,13994762.325824521,13.99476232582452,0.31131415994215517,0.2194589154870088,1.7482799693932107,-0.33145666535740714
Grid_SP025_TW000_AZ075,"sp500 25%, 0050 0%, allianz 75%",1000000.0,14851838.247340702,13851838.247340702,13.851838247340702,0.31005767061811174,0.22736830204630726,1.6896767178235625,-0.32707178393599845
Grid_SP010_TW035_AZ055,"sp500 10%, 0050 35%, allianz 55%",1000000.0,14534050.389764244,13534050.389764244,13.534050389764245,0.3072244386735765,0.20290633164786878,1.853090564393111,-0.3363765023042432
Grid_SP015_TW025_AZ060,"sp500 15%, 0050 25%, allianz 60%",1000000.0,14516079.46658402,13516079.46658402,13.516079466584019,0.3070625591234877,0.2061204122739446,1.8266366963205674,-0.3311954958077382
Grid_SP005_TW045_AZ050,"sp500 5%, 0050 45%, allianz 50%",1000000.0,14506652.887685249,13506652.887685249,13.506652887685249,0.30697757370108536,0.20170989509599588,1.861586949740637,-0.3424440323370088
Grid_SP020_TW015_AZ065,"sp500 20%, 0050 15%, allianz 65%",1000000.0,14452936.057229143,13452936.057229143,13.452936057229143,0.30649233844841484,0.21126006858655427,1.7845796024338316,-0.32618010270216635
Grid_SP000_TW055_AZ045,"sp500 0%, 0050 55%, allianz 45%",1000000.0,14434004.690897286,13434004.690897286,13.434004690897286,0.3063209406630141,0.20254256747705623,1.8504983631377914,-0.35018015972402017
Grid_SP025_TW005_AZ070,"sp500 25%, 0050 5%, allianz 70%",1000000.0,14345234.27076476,13345234.27076476,13.345234270764761,0.3055145369632992,0.2181892666756068,1.7302121009354299,-0.3213344228180608
Grid_SP015_TW030_AZ055,"sp500 15%, 0050 30%, allianz 55%",1000000.0,13937600.669156307,12937600.669156307,12.937600669156307,0.3017528838032455,0.19995147897028057,1.8496581969914982,-0.326193569633937
Grid_SP010_TW040_AZ050,"sp500 10%, 0050 40%, allianz 50%",1000000.0,13925551.763983771,12925551.763983771,12.925551763983771,0.3016401968933533,0.19805135365520687,1.8648627488450247,-0.3315581606473512
Grid_SP020_TW020_AZ060,"sp500 20%, 0050 20%, allianz 60%",1000000.0,13906150.43556951,12906150.43556951,12.90615043556951,0.3014585622127992,0.20388083894808257,1.816478656242361,-0.3209936607306071
Grid_SP005_TW050_AZ045,"sp500 5%, 0050 50%, allianz 45%",1000000.0,13870087.995668255,12870087.995668255,12.870087995668255,0.3011203399561122,0.19823882242624888,1.860560343265353,-0.3393048506723687
Grid_SP025_TW010_AZ065,"sp500 25%, 0050 10%, allianz 65%",1000000.0,13831520.854714505,12831520.854714505,12.831520854714505,0.30075774977826386,0.209725406968193,1.7682573514340443,-0.3159626709474793
Grid_SP000_TW060_AZ040,"sp500 0%, 0050 60%, allianz 40%",1000000.0,13771597.034979409,12771597.034979409,12.77159703497941,0.3001925650200452,0.2004870112393071,1.83624612595634,-0.3472165944189546
Grid_SP030_TW000_AZ070,"sp500 30%, 0050 0%, allianz 70%",1000000.0,13714430.45879309,12714430.45879309,12.71443045879309,0.2996513193225079,0.2173307236812207,1.7086944112270404,-0.31194643271881795
Grid_SP015_TW035_AZ050,"sp500 15%, 0050 35%, allianz 50%",1000000.0,13358573.564173779,12358573.564173779,12.358573564173778,0.2962357283869499,0.19479102250191363,1.8644425732301209,-0.32128591824194574
Grid_SP020_TW025_AZ055,"sp500 20%, 0050 25%, allianz 55%",1000000.0,13356471.313297406,12356471.313297406,12.356471313297407,0.2962153083953569,0.19741315893240047,1.842227628038485,-0.31590001177916505
Grid_SP010_TW045_AZ045,"sp500 10%, 0050 45%, allianz 45%",1000000.0,13318978.839460509,12318978.839460509,12.31897883946051,0.29585064259819305,0.19428246669486565,1.866732398025255,-0.3282917185934294
Grid_SP025_TW015_AZ060,"sp500 25%, 0050 15%, allianz 60%",1000000.0,13312718.176739577,12312718.176739577,12.312718176739578,0.2957896590680711,0.20206661149736277,1.8022931800209778,-0.310682114634083
Grid_SP005_TW055_AZ040,"sp500 5%, 0050 55%, allianz 40%",1000000.0,13238028.634919094,12238028.634919094,12.238028634919093,0.29506012969312523,0.1959039524174305,1.8487124439829257,-0.336277621881397
Grid_SP030_TW005_AZ065,"sp500 30%, 0050 5%, allianz 65%",1000000.0,13227746.723443912,12227746.723443912,12.227746723443913,0.29495941132928416,0.20861549063866708,1.7481279792943452,-0.3059433345515722
Grid_SP000_TW065_AZ035,"sp500 0%, 0050 65%, allianz 35%",1000000.0,13116357.155408869,12116357.155408869,12.116357155408869,0.29386373470599025,0.19958528535785525,1.8111671166305132,-0.3443649390761131
Grid_SP020_TW030_AZ050,"sp500 20%, 0050 30%, allianz 50%",1000000.0,12805900.259743296,11805900.259743296,11.805900259743296,0.29076514835356204,0.1919491939750758,1.8599440366893096,-0.3109017959254604
Grid_SP025_TW020_AZ055,"sp500 25%, 0050 20%, allianz 55%",1000000.0,12790799.182958283,11790799.182958283,11.790799182958283,0.2906127108110681,0.1953076126386141,1.8305382680132287,-0.3054954715456428
Grid_SP015_TW040_AZ045,"sp500 15%, 0050 40%, allianz 45%",1000000.0,12781008.05474612,11781008.05474612,11.781008054746119,0.2905137878774262,0.19072092142918237,1.8692834311080764,-0.31713987405931787
Grid_SP030_TW010_AZ060,"sp500 30%, 0050 10%, allianz 60%",1000000.0,12735870.57940746,11735870.57940746,11.73587057940746,0.29005686565554223,0.20068926561113656,1.7839586894050878,-0.3002605249072856
Grid_SP010_TW050_AZ040,"sp500 10%, 0050 50%, allianz 40%",1000000.0,12716328.659447554,11716328.659447554,11.716328659447555,0.28985859253749124,0.1916637523475427,1.8574621113525012,-0.32519975049579886
Grid_SP035_TW000_AZ065,"sp500 35%, 0050 0%, allianz 65%",1000000.0,12641649.121909298,11641649.121909298,11.641649121909298,0.28909835606786904,0.20793712126147282,1.7241974755171698,-0.29663243128852024
Grid_SP005_TW060_AZ035,"sp500 5%, 0050 60%, allianz 35%",1000000.0,12612437.221979469,11612437.221979469,11.61243722197947,0.2887998793465443,0.1947461561805848,1.8254781752279137,-0.33336399447015985
Grid_SP000_TW070_AZ030,"sp500 0%, 0050 70%, allianz 30%",1000000.0,12470190.548478905,11470190.548478905,11.470190548478906,0.28733750326188945,0.19985300850204196,1.7754104207571306,-0.34162675396383935
Grid_SP025_TW025_AZ050,"sp500 25%, 0050 25%, allianz 50%",1000000.0,12267677.867633646,11267677.867633646,11.267677867633646,0.28522944505018466,0.18954469273941849,1.851029628190505,-0.30040542687788585
Grid_SP020_TW035_AZ045,"sp500 20%, 0050 35%, allianz 45%",1000000.0,12256363.41404871,11256363.41404871,11.25636341404871,0.2851107456442339,0.18757667694628288,1.8677670782025553,-0.30600161879724697
Grid_SP030_TW015_AZ055,"sp500 30%, 0050 15%, allianz 55%",1000000.0,12240684.629618298,11240684.629618298,11.240684629618299,0.2849460971422,0.19364895725817807,1.8143972856332906,-0.2949796068697035
Grid_SP015_TW045_AZ040,"sp500 15%, 0050 45%, allianz 40%",1000000.0,12206822.23321892,11206822.23321892,11.206822233218919,0.2845898474923789,0.18781207685547946,1.8627462483154542,-0.3139820787344132
Grid_SP035_TW005_AZ060,"sp500 35%, 0050 5%, allianz 60%",1000000.0,12175658.77234985,11175658.77234985,11.17565877234985,0.28426120530922994,0.19975783849127807,1.7614299662055228,-0.29061783352909165
Grid_SP010_TW055_AZ035,"sp500 10%, 0050 55%, allianz 35%",1000000.0,12119490.444579884,11119490.444579884,11.119490444579885,0.28366695157412347,0.19024271334628198,1.8363012970014412,-0.32222309293851814
Grid_SP005_TW065_AZ030,"sp500 5%, 0050 65%, allianz 30%",1000000.0,11995152.980352584,10995152.980352584,10.995152980352584,0.2823426112484797,0.19478642416752623,1.7908827191920011,-0.3305655611888427
Grid_SP000_TW075_AZ025,"sp500 0%, 0050 75%, allianz 25%",1000000.0,11834865.070182579,10834865.070182579,10.834865070182579,0.2806170077827621,0.2012855143906096,1.7296819549035263,-0.3394599491549689
Grid_SP025_TW030_AZ045,"sp500 25%, 0050 30%, allianz 45%",1000000.0,11745198.49675443,10745198.49675443,10.74519849675443,0.27964249391806395,0.1848710265435962,1.861771591360771,-0.29541463112863264
Grid_SP030_TW020_AZ050,"sp500 30%, 0050 20%, allianz 50%",1000000.0,11744017.550469361,10744017.550469361,10.744017550469362,0.2796296145531849,0.1875943359521787,1.8374271473764778,-0.2897964594917868
Grid_SP020_TW040_AZ040,"sp500 20%, 0050 40%, allianz 40%",1000000.0,11709701.421861038,10709701.421861038,10.709701421861038,0.2792548539613795,0.1843732771289156,1.8640679948224679,-0.30262371573070035
Grid_SP035_TW010_AZ055,"sp500 35%, 0050 10%, allianz 55%",1000000.0,11706192.773852909,10706192.773852909,10.706192773852909,0.2792164809418809,0.19244874797572334,1.7936943185734142,-0.2846899700071973
Grid_SP015_TW050_AZ035,"sp500 15%, 0050 50%, allianz 35%",1000000.0,11637833.228809206,10637833.228809206,10.637833228809205,0.278466780517197,0.1861189444233379,1.8438801368222595,-0.31094132089355697
Grid_SP040_TW000_AZ060,"sp500 40%, 0050 0%, allianz 60%",1000000.0,11632098.577480856,10632098.577480856,10.632098577480857,0.27840370845838325,0.19927858290226977,1.7347450042746697,-0.2813295416598155
Grid_SP010_TW060_AZ030,"sp500 10%, 0050 60%, allianz 30%",1000000.0,11530237.540517863,10530237.540517863,10.530237540517863,0.27727871045463925,0.19004621784525966,1.8031283563849212,-0.3193633716777923
Grid_SP005_TW070_AZ025,"sp500 5%, 0050 70%, allianz 25%",1000000.0,11387885.16400591,10387885.16400591,10.38788516400591,0.2756914313188461,0.19602401804714384,1.7455739737473097,-0.3278838576317732
Grid_SP030_TW025_AZ045,"sp500 30%, 0050 25%, allianz 45%",1000000.0,11247633.685714584,10247633.685714584,10.247633685714584,0.2741100186237757,0.1826234651790808,1.8509434611744464,-0.28471377870525694
Grid_SP035_TW015_AZ050,"sp500 35%, 0050 15%, allianz 50%",1000000.0,11234996.785446279,10234996.785446279,10.23499678544628,0.2739666604911728,0.18611240172179894,1.8189492257710864,-0.27907455767730205
Grid_SP025_TW035_AZ040,"sp500 25%, 0050 35%, allianz 40%",1000000.0,11225125.84882654,10225125.84882654,10.22512584882654,0.27385457959807824,0.18137083912085306,1.8609519042766862,-0.2911237816575776
Grid_SP000_TW080_AZ020,"sp500 0%, 0050 80%, allianz 20%",1000000.0,11212005.596230716,10212005.596230716,10.212005596230716,0.2737054665309062,0.2038582498205595,1.6751773864252717,-0.3389741281377029
Grid_SP040_TW005_AZ055,"sp500 40%, 0050 5%, allianz 55%",1000000.0,11187354.844934996,10187354.844934996,10.187354844934996,0.27342488295412726,0.19171559510203215,1.7684127841861526,-0.27553417521374923
Grid_SP020_TW045_AZ035,"sp500 20%, 0050 45%, allianz 35%",1000000.0,11167660.514185982,10167660.514185982,10.167660514185982,0.2732003150120965,0.1824006025834852,1.8476863748294465,-0.2995177753912729
Grid_SP015_TW055_AZ030,"sp500 15%, 0050 55%, allianz 30%",1000000.0,11075749.308276959,10075749.308276959,10.07574930827696,0.2721475460981102,0.18567478464310494,1.8123936888522352,-0.30801925982855183
Grid_SP010_TW065_AZ025,"sp500 10%, 0050 65%, allianz 25%",1000000.0,10950220.712473137,9950220.712473137,9.950220712473138,0.27069694352216356,0.19107804366733772,1.7585092516601455,-0.3166221545480642
Grid_SP005_TW075_AZ020,"sp500 5%, 0050 75%, allianz 20%",1000000.0,10792207.701918857,9792207.701918857,9.792207701918857,0.26884952670068496,0.19843653691102192,1.690763266245419,-0.32626117795047227
Grid_SP035_TW020_AZ045,"sp500 35%, 0050 20%, allianz 45%",1000000.0,10763757.231720978,9763757.231720978,9.763757231720978,0.26851431332676756,0.18085107262719205,1.8350114674741929,-0.27389871588838555
Grid_SP030_TW030_AZ040,"sp500 30%, 0050 30%, allianz 40%",1000000.0,10753223.593879156,9753223.593879156,9.753223593879156,0.2683900000447892,0.17882674326064274,1.8529694487860628,-0.2797342232524077
Grid_SP040_TW010_AZ050,"sp500 40%, 0050 10%, allianz 50%",1000000.0,10740660.594420848,9740660.594420848,9.740660594420849,0.26824159377675505,0.18511014052620856,1.7955099138227582,-0.2700680651132773
Grid_SP025_TW040_AZ035,"sp500 25%, 0050 40%, allianz 35%",1000000.0,10709136.531192519,9709136.531192519,9.709136531192518,0.2678685122233222,0.17911293931494315,1.847198716437183,-0.2879515645122537
Grid_SP045_TW000_AZ055,"sp500 45%, 0050 0%, allianz 55%",1000000.0,10684169.57378397,9684169.57378397,9.68416957378397,0.26757233084245113,0.1914548643176459,1.7386363827230127,-0.27697387309972343
Grid_SP020_TW050_AZ030,"sp500 20%, 0050 50%, allianz 30%",1000000.0,10631884.770907443,9631884.770907443,9.631884770907442,0.26695005633270097,0.1816987431021413,1.8181407624053898,-0.29653231066216323
Grid_SP000_TW085_AZ015,"sp500 0%, 0050 85%, allianz 15%",1000000.0,10603090.154966509,9603090.154966509,9.603090154966509,0.2666061764969936,0.20752881283461652,1.613450844115783,-0.3386127072417684
Grid_SP015_TW060_AZ025,"sp500 15%, 0050 60%, allianz 25%",1000000.0,10522163.254622841,9522163.254622841,9.522163254622841,0.26563518697790944,0.18648852176417208,1.7687447350830583,-0.3052174961375377
Grid_SP010_TW070_AZ020,"sp500 10%, 0050 70%, allianz 20%",1000000.0,10380962.792716874,9380962.792716874,9.380962792716874,0.2639248063743489,0.19331852354263152,1.7036509730178406,-0.3140009500799411
Grid_SP035_TW025_AZ040,"sp500 35%, 0050 25%, allianz 40%",1000000.0,10294092.158391902,9294092.158391902,9.294092158391901,0.2628620986699912,0.17676078124027497,1.8397665650249506,-0.2688272702172243
Grid_SP040_TW015_AZ045,"sp500 40%, 0050 15%, allianz 45%",1000000.0,10293626.378860043,9293626.378860043,9.293626378860044,0.26285637896696157,0.17956791964172186,1.813808815468941,-0.26905647668159105
Grid_SP030_TW035_AZ035,"sp500 30%, 0050 35%, allianz 35%",1000000.0,10262395.607235186,9262395.607235186,9.262395607235186,0.26247233738467113,0.1762800530261934,1.8419286213697423,-0.2762418077454837
Grid_SP045_TW005_AZ050,"sp500 45%, 0050 5%, allianz 50%",1000000.0,10261022.827778304,9261022.827778304,9.261022827778303,0.26245543233728297,0.1845953656901173,1.7671363237645108,-0.2744350346532394
Grid_SP005_TW080_AZ015,"sp500 5%, 0050 80%, allianz 15%",1000000.0,10209555.249897568,9209555.249897568,9.209555249897567,0.2618201633430688,0.20198188440958909,1.628086555430406,-0.3258781988447713
Grid_SP025_TW045_AZ030,"sp500 25%, 0050 45%, allianz 30%",1000000.0,10198811.415118005,9198811.415118005,9.198811415118005,0.2616871877157432,0.1781445696483379,1.8198251869111672,-0.28490162020647725
Grid_SP020_TW055_AZ025,"sp500 20%, 0050 55%, allianz 25%",1000000.0,10103909.595691567,9103909.595691567,9.103909595691567,0.26050708904731,0.18228237870264424,1.7757540623139478,-0.29366895543422444
Grid_SP000_TW090_AZ010,"sp500 0%, 0050 90%, allianz 10%",1000000.0,10009447.498976942,9009447.498976942,9.009447498976941,0.2593225109114161,0.2122402523401799,1.5462493223532308,-0.33837588134686525
Grid_SP015_TW065_AZ020,"sp500 15%, 0050 65%, allianz 20%",1000000.0,9978547.032619454,8978547.032619454,8.978547032619455,0.25893282717658095,0.1885438696055261,1.7141123434965888,-0.3025375703152642
Grid_SP040_TW020_AZ040,"sp500 40%, 0050 20%, allianz 40%",1000000.0,9847799.490915095,8847799.490915095,8.847799490915095,0.2572718663046065,0.17518986934693434,1.8210907969079873,-0.26957084830279165
Grid_SP045_TW010_AZ045,"sp500 45%, 0050 10%, allianz 45%",1000000.0,9837268.543763401,8837268.543763401,8.8372685437634,0.2571372235917391,0.17878454048425135,1.7872907702295868,-0.2748974169326852
Grid_SP035_TW030_AZ035,"sp500 35%, 0050 30%, allianz 35%",1000000.0,9827543.038104536,8827543.038104536,8.827543038104537,0.25701276353904756,0.17392416743355613,1.8314496667800793,-0.26606264397064316
Grid_SP010_TW075_AZ015,"sp500 10%, 0050 75%, allianz 15%",1000000.0,9823854.670942154,8823854.670942154,8.823854670942154,0.2569655334687282,0.19672636639806515,1.6402583944466742,-0.31294224657076597
Grid_SP050_TW000_AZ050,"sp500 50%, 0050 0%, allianz 50%",1000000.0,9796067.494730972,8796067.494730972,8.796067494730972,0.25660920084468586,0.18457215608147032,1.7339736726811532,-0.2802572314124744
Grid_SP030_TW040_AZ030,"sp500 30%, 0050 40%, allianz 30%",1000000.0,9776668.446106842,8776668.446106842,8.776668446106841,0.25635989495166367,0.17503796446241068,1.8169204559703367,-0.2731262958826395
Grid_SP025_TW050_AZ025,"sp500 25%, 0050 50%, allianz 25%",1000000.0,9695629.217848046,8695629.217848046,8.695629217848046,0.2553135855676183,0.17848672017509135,1.7789937402830365,-0.281975616458241
Grid_SP005_TW085_AZ010,"sp500 5%, 0050 85%, allianz 10%",1000000.0,9641220.619985698,8641220.619985698,8.641220619985697,0.25460668353404947,0.20660174974228723,1.559419385398597,-0.325622139576049
Grid_SP020_TW060_AZ020,"sp500 20%, 0050 60%, allianz 20%",1000000.0,9585156.41352299,8585156.41352299,8.58515641352299,0.2538745055711862,0.1841392865322534,1.7216502985178153,-0.2909292826889771
Grid_SP015_TW070_AZ015,"sp500 15%, 0050 70%, allianz 15%",1000000.0,9446247.73441074,8446247.73441074,8.44624773441074,0.2520436696191459,0.1918009168392633,1.650253620030096,-0.2999809613912273
Grid_SP000_TW095_AZ005,"sp500 0%, 0050 95%, allianz 5%",1000000.0,9432256.065996595,8432256.065996595,8.432256065996595,0.251857916708385,0.21792506898137137,1.4753472648678547,-0.3382637773520403
Grid_SP045_TW015_AZ040,"sp500 45%, 0050 15%, allianz 40%",1000000.0,9414385.066465348,8414385.066465348,8.414385066465348,0.2516203009771443,0.17412740656363815,1.796815035607484,-0.2753991971804579
Grid_SP040_TW025_AZ035,"sp500 40%, 0050 25%, allianz 35%",1000000.0,9404656.018834133,8404656.018834133,8.404656018834133,0.25149077127703645,0.17206487671123588,1.8154282727967035,-0.27025882854518113
Grid_SP050_TW005_AZ045,"sp500 50%, 0050 5%, allianz 45%",1000000.0,9394682.541826267,8394682.541826267,8.394682541826267,0.2513578620879062,0.1785075150393758,1.755545375463785,-0.2807164330123033
Grid_SP035_TW035_AZ030,"sp500 35%, 0050 35%, allianz 30%",1000000.0,9365567.570585182,8365567.570585182,8.365567570585181,0.2509691406341945,0.17240312401101035,1.8089471605451501,-0.26710493302020477
Grid_SP030_TW045_AZ025,"sp500 30%, 0050 45%, allianz 25%",1000000.0,9297464.91797108,8297464.91797108,8.29746491797108,0.2500556205981792,0.17512823824240215,1.777924819467616,-0.27013657460493645
Grid_SP010_TW080_AZ010,"sp500 10%, 0050 80%, allianz 10%",1000000.0,9280152.602034613,8280152.6020346135,8.280152602034613,0.2498224356779024,0.20124227648828025,1.5703303628125274,-0.3126663431890323
Grid_SP025_TW055_AZ020,"sp500 25%, 0050 55%, allianz 20%",1000000.0,9200961.245075408,8200961.245075408,8.200961245075408,0.24875076656764206,0.18013192327027447,1.7257437517410739,-0.2791751592639218
Grid_SP005_TW090_AZ005,"sp500 5%, 0050 90%, allianz 5%",1000000.0,9088353.54307259,8088353.543072591,8.088353543072591,0.24721250338609413,0.21222597221362327,1.486686824765458,-0.32549313746569564
Grid_SP020_TW065_AZ015,"sp500 20%, 0050 65%, allianz 15%",1000000.0,9076928.587201571,8076928.587201571,8.076928587201571,0.24705547726113242,0.1872315866039629,1.6576168926092103,-0.2883148031092101
Grid_SP050_TW010_AZ040,"sp500 50%, 0050 10%, allianz 40%",1000000.0,8993861.01302278,7993861.01302278,7.99386101302278,0.24590840764786837,0.17358272946644251,1.7669547345713585,-0.28121469630905405
Grid_SP045_TW020_AZ035,"sp500 45%, 0050 20%, allianz 35%",1000000.0,8993784.627835505,7993784.627835505,7.993784627835505,0.24590734847435192,0.17071840684445536,1.7936526648911186,-0.27594052219856546
Grid_SP055_TW000_AZ045,"sp500 55%, 0050 0%, allianz 45%",1000000.0,8965839.85355023,7965839.853550229,7.9658398535502295,0.2455193159127973,0.17873919769474209,1.7187954848228166,-0.2865134303969209
Grid_SP040_TW030_AZ030,"sp500 40%, 0050 30%, allianz 30%",1000000.0,8965593.838089664,7965593.838089664,7.965593838089664,0.24551589498731774,0.1702619516862958,1.7955052321833787,-0.27098661043368955
Grid_SP015_TW075_AZ010,"sp500 15%, 0050 75%, allianz 10%",1000000.0,8926484.783675257,7926484.783675257,7.926484783675257,0.2449709937131619,0.19619982556938023,1.5792824463401791,-0.29950621701049407
Grid_SP035_TW040_AZ025,"sp500 35%, 0050 40%, allianz 25%",1000000.0,8909533.507655105,7909533.507655105,7.909533507655104,0.24473414616508093,0.17223250923845013,1.7720401691641678,-0.26818648000165324
Grid_SP000_TW100_AZ000,"sp500 0%, 0050 100%, allianz 0%",1000000.0,8872544.265936727,7872544.265936727,7.872544265936726,0.24421591194531245,0.19472527774998066,1.2605341936276628,-0.33827645406725404
Grid_SP030_TW050_AZ020,"sp500 30%, 0050 50%, allianz 20%",1000000.0,8826106.716746937,7826106.7167469375,7.826106716746938,0.24356254346967599,0.17654883056862147,1.7258660028337884,-0.27051745815194306
Grid_SP010_TW085_AZ005,"sp500 10%, 0050 85%, allianz 5%",1000000.0,8750976.791571999,7750976.791571999,7.750976791571999,0.2424988977970044,0.20679367343974023,1.4959434448019846,-0.3125198675223919
Grid_SP025_TW060_AZ015,"sp500 25%, 0050 60%, allianz 15%",1000000.0,8716067.292972336,7716067.292972336,7.716067292972336,0.24200187047391486,0.18304504691947165,1.6618659141552605,-0.27650179148092924
Grid_SP050_TW015_AZ035,"sp500 50%, 0050 15%, allianz 35%",1000000.0,8594952.85820189,7594952.858201889,7.594952858201889,0.24026349002821878,0.1698969509173846,1.7660564666289622,-0.28175216626248345
Grid_SP055_TW005_AZ040,"sp500 55%, 0050 5%, allianz 40%",1000000.0,8586213.278785026,7586213.278785026,7.586213278785026,0.2401371979420437,0.17356071294829617,1.731675930633863,-0.2870082119861074
Grid_SP020_TW070_AZ010,"sp500 20%, 0050 70%, allianz 10%",1000000.0,8580408.534951832,7580408.534951832,7.580408534951832,0.240053252015344,0.19149944156154622,1.5858689793870258,-0.2861394787284983
Grid_SP045_TW025_AZ030,"sp500 45%, 0050 25%, allianz 30%",1000000.0,8576806.534877667,7576806.534877667,7.576806534877667,0.24000113560502112,0.1686332531648378,1.7763062914249954,-0.2765633429285632
Grid_SP005_TW095_AZ000,"sp500 5%, 0050 95%, allianz 0%",1000000.0,8546591.78668511,7546591.786685109,7.546591786685109,0.23956318895707462,0.19023093840020786,1.266810931134006,-0.32551911822688107
Grid_SP040_TW035_AZ025,"sp500 40%, 0050 35%, allianz 25%",1000000.0,8531926.570184741,7531926.570184741,7.5319265701847415,0.23935012200450578,0.169823206614753,1.7608960177658142,-0.2717543145314144
Grid_SP035_TW045_AZ020,"sp500 35%, 0050 45%, allianz 20%",1000000.0,8460713.520221362,7460713.520221362,7.460713520221362,0.23831077762241204,0.17341630899920177,1.7215088343593332,-0.2703632705920159
Grid_SP015_TW080_AZ005,"sp500 15%, 0050 80%, allianz 5%",1000000.0,8420348.363099366,7420348.363099366,7.420348363099366,0.23771815287827391,0.2016658878567352,1.5034259233259923,-0.29934167971587644
Grid_SP030_TW055_AZ015,"sp500 30%, 0050 55%, allianz 15%",1000000.0,8363810.324000925,7363810.324000925,7.363810324000925,0.2368837717002834,0.17926811830028486,1.6625064763432291,-0.273040211030231
Grid_SP025_TW065_AZ010,"sp500 25%, 0050 65%, allianz 10%",1000000.0,8242092.695332373,7242092.695332373,7.2420926953323725,0.23507011363621078,0.18716689755662447,1.5896566715171883,-0.2757758239884235
Grid_SP010_TW090_AZ000,"sp500 10%, 0050 90%, allianz 0%",1000000.0,8227506.256637153,7227506.256637153,7.227506256637153,0.23485115310884552,0.18584958798312276,1.2709847087575108,-0.31255653797291605
Grid_SP055_TW010_AZ035,"sp500 55%, 0050 10%, allianz 35%",1000000.0,8208159.690118957,7208159.690118957,7.208159690118958,0.23456019759282531,0.16960813743508435,1.732733444976014,-0.287541863916545
Grid_SP050_TW020_AZ030,"sp500 50%, 0050 20%, allianz 30%",1000000.0,8199240.124696423,7199240.124696423,7.1992401246964235,0.23442584718997805,0.1675319754898899,1.7512023667597598,-0.28232898560571384
Grid_SP060_TW000_AZ040,"sp500 60%, 0050 0%, allianz 40%",1000000.0,8191402.833821682,7191402.833821682,7.191402833821682,0.2343076898823675,0.17406155533856577,1.6912924395583568,-0.29277965058223165
Grid_SP045_TW030_AZ025,"sp500 45%, 0050 30%, allianz 25%",1000000.0,8164711.269174255,7164711.269174255,7.164711269174256,0.23390451530485268,0.16792126913801128,1.7441452961929131,-0.2773255462645239
Grid_SP040_TW040_AZ020,"sp500 40%, 0050 40%, allianz 20%",1000000.0,8104878.52724753,7104878.52724753,7.10487852724753,0.23299641815816252,0.17075915710826314,1.7122114934334804,-0.2725620589980209
Grid_SP020_TW075_AZ005,"sp500 20%, 0050 75%, allianz 5%",1000000.0,8096656.018041441,7096656.018041441,7.0966560180414415,0.23287115182511386,0.19686641189661508,1.5087784870891088,-0.28595627892778264
Grid_SP035_TW050_AZ015,"sp500 35%, 0050 50%, allianz 15%",1000000.0,8020281.111311026,7020281.111311026,7.020281111311026,0.23170211149625275,0.17592718418072095,1.6590528205233483,-0.27288663895234144
Grid_SP015_TW085_AZ000,"sp500 15%, 0050 85%, allianz 0%",1000000.0,7915419.267853851,6915419.267853851,6.915419267853851,0.23008060527991425,0.18171765327048744,1.2736095395261748,-0.299386285505854
Grid_SP030_TW060_AZ010,"sp500 30%, 0050 60%, allianz 10%",1000000.0,7911684.000746111,6911684.000746111,6.911684000746112,0.23002249005751607,0.18322828881266906,1.590197631172677,-0.27560279018973244
Grid_SP060_TW005_AZ035,"sp500 60%, 0050 5%, allianz 35%",1000000.0,7833380.19839217,6833380.19839217,6.833380198392169,0.22879847931389663,0.16985468346510724,1.6939407842624046,-0.2933095210251956
Grid_SP055_TW015_AZ030,"sp500 55%, 0050 15%, allianz 30%",1000000.0,7832905.230743614,6832905.230743614,6.832905230743614,0.22879102129122808,0.16696855514674885,1.7202069885498033,-0.28811452710368135
Grid_SP050_TW025_AZ025,"sp500 50%, 0050 25%, allianz 25%",1000000.0,7807931.203549522,6807931.203549522,6.807931203549522,0.22839830044774523,0.16654408008266997,1.721569298657463,-0.2829452948232424
Grid_SP025_TW070_AZ005,"sp500 25%, 0050 70%, allianz 5%",1000000.0,7780066.488595622,6780066.488595622,6.780066488595621,0.22795878656988222,0.1924198139452098,1.5116213064654849,-0.27837740031676106
Grid_SP045_TW035_AZ020,"sp500 45%, 0050 35%, allianz 20%",1000000.0,7758675.518035371,6758675.518035371,6.758675518035371,0.22762042174096497,0.1685998520266296,1.697592681221586,-0.2781274604388726
Grid_SP040_TW045_AZ015,"sp500 40%, 0050 45%, allianz 15%",1000000.0,7685580.648586354,6685580.648586354,6.685580648586354,0.2264578282793519,0.17304749893092572,1.651052897802747,-0.2734099595698144
Grid_SP020_TW080_AZ000,"sp500 20%, 0050 80%, allianz 0%",1000000.0,7610444.701000172,6610444.701000172,6.610444701000172,0.22525235351494288,0.17785251866232749,1.2744418277602054,-0.28600592208357045
Grid_SP035_TW055_AZ010,"sp500 35%, 0050 55%, allianz 10%",1000000.0,7589307.566706744,6589307.566706744,6.5893075667067444,0.2249113009432422,0.17970951827636963,1.5870460118911796,-0.2754498132424198
Grid_SP060_TW010_AZ030,"sp500 60%, 0050 10%, allianz 30%",1000000.0,7477789.653193053,6477789.653193053,6.477789653193053,0.22309765604095166,0.16694843773363016,1.6835051749666772,-0.29387806640192116
Grid_SP030_TW065_AZ005,"sp500 30%, 0050 65%, allianz 5%",1000000.0,7470725.846228968,6470725.846228968,6.4707258462289685,0.22298195753846084,0.1883510879236689,1.5115600187387843,-0.27820497536672306
Grid_SP065_TW000_AZ035,"sp500 65%, 0050 0%, allianz 35%",1000000.0,7470566.689205889,6470566.689205889,6.470566689205889,0.22297934956250964,0.1706342684325869,1.6500897607002722,-0.29905504485504775
Grid_SP055_TW020_AZ025,"sp500 55%, 0050 20%, allianz 25%",1000000.0,7461607.303562891,6461607.303562891,6.461607303562891,0.2228324587479924,0.16570472368011782,1.6931035661405511,-0.28872634022514565
Grid_SP050_TW030_AZ020,"sp500 50%, 0050 30%, allianz 20%",1000000.0,7422155.955251265,6422155.955251265,6.422155955251266,0.22218375230995258,0.16695771119698946,1.6773825916353722,-0.2836751617350932
Grid_SP045_TW040_AZ015,"sp500 45%, 0050 40%, allianz 15%",1000000.0,7359788.145331113,6359788.145331113,6.3597881453311125,0.22115186807560971,0.1706524142706432,1.638117217432067,-0.27896919962732847
Grid_SP025_TW075_AZ000,"sp500 25%, 0050 75%, allianz 0%",1000000.0,7312679.124124255,6312679.124124255,6.312679124124255,0.22036721281118377,0.17427193694538942,1.2732287544119851,-0.28115974044387915
Grid_SP040_TW050_AZ010,"sp500 40%, 0050 50%, allianz 10%",1000000.0,7275067.423411689,6275067.423411689,6.275067423411689,0.2197374738904012,0.1766356786005869,1.579779124669651,-0.2753169173495973
Grid_SP035_TW060_AZ005,"sp500 35%, 0050 60%, allianz 5%",1000000.0,7168759.922946756,6168759.922946756,6.168759922946756,0.2179415734050938,0.18468520975705982,1.5081990474680729,-0.2780525726939078
Grid_SP065_TW005_AZ030,"sp500 65%, 0050 5%, allianz 30%",1000000.0,7133859.416741346,6133859.416741346,6.133859416741346,0.2173467558904434,0.16747181904208755,1.641450149017314,-0.2996195102615795
Grid_SP060_TW015_AZ025,"sp500 60%, 0050 15%, allianz 25%",1000000.0,7125738.762569951,6125738.762569951,6.125738762569951,0.21720797819260684,0.16541138759736176,1.6588540004435952,-0.2944854235970987
Grid_SP055_TW025_AZ020,"sp500 55%, 0050 25%, allianz 20%",1000000.0,7095349.798664347,6095349.798664347,6.095349798664348,0.21668738082164896,0.16584809739798745,1.6514512137545203,-0.2893774396989831
Grid_SP050_TW035_AZ015,"sp500 50%, 0050 35%, allianz 15%",1000000.0,7042961.724694732,6042961.724694732,6.042961724694732,0.215785184265332,0.16876256387069002,1.619948969655578,-0.2845107850224491
Grid_SP030_TW070_AZ000,"sp500 30%, 0050 70%, allianz 0%",1000000.0,7022202.228340504,6022202.228340504,6.022202228340504,0.2154260049045591,0.17099378452629752,1.2697151189300768,-0.2810052121920936
Grid_SP045_TW045_AZ010,"sp500 45%, 0050 45%, allianz 10%",1000000.0,6969047.0986359725,5969047.0986359725,5.969047098635972,0.21450194417852253,0.17403034737629494,1.5680221598402801,-0.27985087557428967
Grid_SP040_TW055_AZ005,"sp500 40%, 0050 55%, allianz 5%",1000000.0,6874274.782609026,5874274.782609026,5.874274782609026,0.21283855084576153,0.18144659804374336,1.5011587090601763,-0.2779202166463327
Grid_SP070_TW000_AZ030,"sp500 70%, 0050 0%, allianz 30%",1000000.0,6801059.84273942,5801059.84273942,5.80105984273942,0.2115393313453573,0.1685336356413481,1.59454654108566,-0.3053387668469667
Grid_SP065_TW010_AZ025,"sp500 65%, 0050 10%, allianz 25%",1000000.0,6800303.9993621595,5800303.9993621595,5.80030399936216,0.21152585317898254,0.16566697227125313,1.6191001851672095,-0.30022245119270285
Grid_SP060_TW020_AZ020,"sp500 60%, 0050 20%, allianz 20%",1000000.0,6778266.3555203825,5778266.3555203825,5.778266355520382,0.21113228499127557,0.16528173628863643,1.6198288522629598,-0.2951317272468065
Grid_SP035_TW065_AZ000,"sp500 35%, 0050 65%, allianz 0%",1000000.0,6739077.297415951,5739077.297415951,5.739077297415951,0.21042955805469976,0.168035762307664,1.263652110659051,-0.28086695692470254
Grid_SP055_TW030_AZ015,"sp500 55%, 0050 30%, allianz 15%",1000000.0,6735139.16136419,5735139.16136419,5.735139161364191,0.21035873732776866,0.16739506052950698,1.596372223046098,-0.290067959661946
Grid_SP050_TW040_AZ010,"sp500 50%, 0050 40%, allianz 10%",1000000.0,6671310.244185258,5671310.244185258,5.671310244185258,0.20920565451787487,0.17191482634955305,1.5514748220381909,-0.2853860140386535
Grid_SP045_TW050_AZ005,"sp500 45%, 0050 50%, allianz 5%",1000000.0,6587357.238454762,5587357.238454762,5.587357238454762,0.20767381429018283,0.178658489968838,1.4900955693446636,-0.2807725975732154
Grid_SP070_TW005_AZ025,"sp500 70%, 0050 5%, allianz 25%",1000000.0,6485261.6459351275,5485261.6459351275,5.485261645935127,0.20578708425229308,0.16646894939844695,1.5742846330992066,-0.30593733067139717
Grid_SP065_TW015_AZ020,"sp500 65%, 0050 15%, allianz 20%",1000000.0,6470895.161766347,5470895.161766347,5.470895161766347,0.2055194490331662,0.16526421315063775,1.5827153601590793,-0.3008640005164467
Grid_SP040_TW060_AZ000,"sp500 40%, 0050 60%, allianz 0%",1000000.0,6463351.708234956,5463351.708234956,5.463351708234955,0.20537870682899384,0.1654150452944758,1.2548078537048493,-0.28129876874715143
Grid_SP060_TW025_AZ015,"sp500 60%, 0050 25%, allianz 15%",1000000.0,6436338.6549373055,5436338.6549373055,5.436338654937305,0.2048734945847539,0.16656277036842568,1.5673545040865908,-0.29581710971696873
Grid_SP055_TW035_AZ010,"sp500 55%, 0050 35%, allianz 10%",1000000.0,6381901.301653334,5381901.301653334,5.381901301653334,0.2038495547965502,0.17030736944518612,1.529937365076435,-0.2909034243896146
Grid_SP050_TW045_AZ005,"sp500 50%, 0050 45%, allianz 5%",1000000.0,6308075.412936461,5308075.412936461,5.308075412936462,0.20244829567254286,0.1763422552648742,1.474724860376911,-0.2863009565521413
Grid_SP045_TW055_AZ000,"sp500 45%, 0050 55%, allianz 0%",1000000.0,6195057.459106138,5195057.459106138,5.195057459106138,0.20027429188574053,0.1631478891466053,1.2429793071021258,-0.2849121858584438
Grid_SP075_TW000_AZ025,"sp500 75%, 0050 0%, allianz 25%",1000000.0,6180551.555687404,5180551.555687404,5.180551555687404,0.19999267784223385,0.1678094853808338,1.5249888395226578,-0.31162997109672297
Grid_SP070_TW010_AZ020,"sp500 70%, 0050 10%, allianz 20%",1000000.0,6173206.889321135,5173206.889321135,5.173206889321135,0.19984986340037647,0.1657957020060277,1.5404759531975103,-0.3065741666603148
Grid_SP065_TW020_AZ015,"sp500 65%, 0050 20%, allianz 15%",1000000.0,6146559.6342230085,5146559.6342230085,5.146559634223008,0.199330429943408,0.16627373067803447,1.5330202236776642,-0.30154428884182183
Grid_SP060_TW030_AZ010,"sp500 60%, 0050 30%, allianz 10%",1000000.0,6100846.203220597,5100846.203220597,5.100846203220597,0.19843460182647132,0.16922245570118724,1.5033329380171006,-0.2965417010818684
Grid_SP055_TW040_AZ005,"sp500 55%, 0050 40%, allianz 5%",1000000.0,6036479.3359317565,5036479.3359317565,5.036479335931756,0.19716293418101571,0.17451668345323826,1.4548430911921342,-0.2918116356807777
Grid_SP050_TW050_AZ000,"sp500 50%, 0050 50%, allianz 0%",1000000.0,5934211.722881681,4934211.722881681,4.934211722881681,0.19511715975647514,0.1612492077003058,1.2280048087108573,-0.2899970973979
Grid_SP075_TW005_AZ020,"sp500 75%, 0050 5%, allianz 20%",1000000.0,5885154.27467975,4885154.27467975,4.88515427467975,0.19412452452358187,0.16687095707972283,1.493623455460722,-0.312262134237564
Grid_SP070_TW015_AZ015,"sp500 70%, 0050 15%, allianz 15%",1000000.0,5865783.587970287,4865783.587970287,4.865783587970286,0.19373052363799537,0.16653077016586823,1.4936523442104928,-0.30724940367971953
Grid_SP065_TW025_AZ010,"sp500 65%, 0050 25%, allianz 10%",1000000.0,5828153.103255692,4828153.103255692,4.828153103255692,0.19296175908842894,0.1686701686647657,1.4717230493008777,-0.30226344449750464
Grid_SP060_TW035_AZ005,"sp500 60%, 0050 35%, allianz 5%",1000000.0,5772601.57738799,4772601.57738799,4.772601577387991,0.19181867600619706,0.17319729060465267,1.4303484413671377,-0.2973056291027304
Grid_SP055_TW045_AZ000,"sp500 55%, 0050 45%, allianz 0%",1000000.0,5680817.4218777185,4680817.4218777185,4.680817421877719,0.18990816262754207,0.15973214129511795,1.209776273830415,-0.29506286330900455
Grid_SP080_TW000_AZ020,"sp500 80%, 0050 0%, allianz 20%",1000000.0,5606673.064252327,4606673.064252327,4.606673064252327,0.18834443454935035,0.1684795675664942,1.4427889534983778,-0.3179278132123371
Grid_SP075_TW010_AZ015,"sp500 75%, 0050 10%, allianz 15%",1000000.0,5593974.91760377,4593974.91760377,4.59397491760377,0.18807476197102768,0.16733137233687517,1.4496812839061237,-0.31293236228319565
Grid_SP070_TW020_AZ010,"sp500 70%, 0050 20%, allianz 10%",1000000.0,5563813.136519698,4563813.136519698,4.563813136519698,0.1874319964762312,0.16865574090116162,1.435313480025168,-0.307963168326582
Grid_SP065_TW030_AZ005,"sp500 65%, 0050 30%, allianz 5%",1000000.0,5516457.9104617145,4516457.9104617145,4.516457910461715,0.18641647408850615,0.17239569890147,1.4012562938075925,-0.3030215935105741
Grid_SP060_TW040_AZ000,"sp500 60%, 0050 40%, allianz 0%",1000000.0,5434863.821618316,4434863.821618316,4.434863821618316,0.1846481581209809,0.1586076406395181,1.1882498610862895,-0.3001094053293353
Grid_SP080_TW005_AZ015,"sp500 80%, 0050 5%, allianz 15%",1000000.0,5331081.807639776,4331081.807639776,4.331081807639776,0.18236413705370302,0.16866779710989804,1.4016620017792885,-0.3185930741123775
Grid_SP075_TW015_AZ010,"sp500 75%, 0050 15%, allianz 10%",1000000.0,5307801.198835305,4307801.198835305,4.307801198835305,0.18184629004005726,0.16917931001779757,1.3944491310427898,-0.31364078011276353
Grid_SP070_TW025_AZ005,"sp500 70%, 0050 25%, allianz 5%",1000000.0,5268048.001244319,4268048.001244319,4.268048001244319,0.18095728786467236,0.172119142992054,1.367707492986871,-0.30871558490774054
Grid_SP065_TW035_AZ000,"sp500 65%, 0050 35%, allianz 0%",1000000.0,5196327.140470411,4196327.140470411,4.1963271404704106,0.17933800907482644,0.15788409389013613,1.1634538646757064,-0.305136646783407
Grid_SP085_TW000_AZ015,"sp500 85%, 0050 0%, allianz 15%",1000000.0,5077037.109569845,4077037.109569845,4.0770371095698446,0.176599646545764,0.1705274472140146,1.3502420246135443,-0.32423145003321363
Grid_SP080_TW010_AZ010,"sp500 80%, 0050 10%, allianz 10%",1000000.0,5060076.746161912,4060076.7461619116,4.060076746161911,0.1762056217291006,0.17023591217758788,1.34959787480524,-0.3192961888098541
Grid_SP075_TW020_AZ005,"sp500 75%, 0050 20%, allianz 5%",1000000.0,5027356.121213151,4027356.121213151,4.027356121213151,0.17544208301338227,0.1723701500451021,1.329967659379506,-0.3143875103267523
Grid_SP070_TW030_AZ000,"sp500 70%, 0050 30%, allianz 0%",1000000.0,4965171.172296291,3965171.172296291,3.9651711722962912,0.1739785833228631,0.15756702467695435,1.1354927328499522,-0.3101445125772645
Grid_SP085_TW005_AZ010,"sp500 85%, 0050 5%, allianz 10%",1000000.0,4820584.608116038,3820584.608116038,3.820584608116038,0.17051097913359414,0.1718157138024104,1.3013251453426429,-0.32492930478004944
Grid_SP080_TW015_AZ005,"sp500 80%, 0050 15%, allianz 5%",1000000.0,4794351.878610116,3794351.8786101164,3.7943518786101165,0.16987183120017013,0.17314642568208544,1.2884170583899461,-0.32003727821276085
Grid_SP075_TW025_AZ000,"sp500 75%, 0050 25%, allianz 0%",1000000.0,4741347.91931769,3741347.9193176897,3.7413479193176897,0.1685707534739409,0.1576588854310165,1.1045464594752328,-0.3154722985645918
Grid_SP090_TW000_AZ010,"sp500 90%, 0050 0%, allianz 10%",1000000.0,4589255.812089344,3589255.8120893436,3.5892558120893434,0.1647633552263128,0.1739044567617151,1.2502623350226025,-0.3305400397921412
Grid_SP085_TW010_AZ005,"sp500 85%, 0050 10%, allianz 5%",1000000.0,4568990.9650345985,3568990.9650345985,3.5689909650345983,0.16424750982165737,0.17444095758752268,1.2435318797471986,-0.3256647984218215
Grid_SP080_TW020_AZ000,"sp500 80%, 0050 20%, allianz 0%",1000000.0,4524798.23246658,3524798.2324665803,3.5247982324665803,0.16311539669090025,0.1581589636186222,1.0708651099043276,-0.3210710971585913
Grid_SP090_TW005_AZ005,"sp500 90%, 0050 5%, allianz 5%",1000000.0,4351215.913633373,3351215.9136333726,3.351215913633373,0.15857010174921538,0.17624232607203327,1.1958590200020371,-0.3312699822191235
Grid_SP085_TW015_AZ000,"sp500 85%, 0050 15%, allianz 0%",1000000.0,4315452.45658622,3315452.4565862203,3.3154524565862205,0.15761339446920464,0.1590634091117336,1.034758836913668,-0.32664012830045486
Grid_SP095_TW000_AZ005,"sp500 95%, 0050 0%, allianz 5%",1000000.0,4140956.86538243,3140956.86538243,3.1409568653824302,0.15284059507214276,0.17853519029079098,1.1459872894066723,-0.3368527422771741
Grid_SP090_TW010_AZ000,"sp500 90%, 0050 10%, allianz 0%",1000000.0,4113231.0779432505,3113231.0779432505,3.1132310779432504,0.15206563241533,0.16036538027685604,0.9965843013139076,-0.3321794014039684
Grid_SP095_TW005_AZ000,"sp500 95%, 0050 5%, allianz 0%",1000000.0,3918045.371617938,2918045.371617938,2.918045371617938,0.14647300002500963,0.16205529609426023,0.956728823093437,-0.33768892745402346
Grid_SP100_TW000_AZ000,"sp500 100%, 0050 0%, allianz 0%",1000000.0,3729798.0464510727,2729798.0464510727,2.7297980464510725,0.1408363904613934,0.16412117328614215,0.9155937771447671,-0.34316871899335066
